"user_id,""province"",""gdo"",""month"",""orders"""
"0000001001,""VR"",""0"",""2015-06"",""2"""
"0000001001,""VR"",""0"",""2016-03"",""1"""
"0000001001,""VR"",""0"",""2015-12"",""1"""
"0000001001,""VR"",""0"",""2016-04"",""1"""
"0000001001,""MI"",""0"",""2015-12"",""1"""
"0000001001,""VR"",""0"",""2016-09"",""2"""
"0000001001,""VR"",""0"",""2016-02"",""1"""
"0000001002,""VR"",""0"",""2015-10"",""2"""
"0000001003,""VR"",""0"",""2016-01"",""1"""
"0000001003,""VR"",""0"",""2015-12"",""1"""
"0000001004,""VR"",""0"",""2016-06"",""2"""
"0000001007,""VR"",""0"",""2016-02"",""1"""
"0000001014,""VR"",""0"",""2016-10"",""1"""
"0000001014,""VR"",""0"",""2017-03"",""1"""
"0000001031,""VR"",""0"",""2016-11"",""1"""
"0000001116,""VR"",""4"",""2018-01"",""1"""
"0000001116,""VR"",""4"",""2018-03"",""1"""
"0000001116,""VR"",""4"",""2018-12"",""1"""
"0000001116,""VR"",""4"",""2018-06"",""1"""
"0000001116,""VR"",""4"",""2018-02"",""1"""
"0000001118,""VR"",""0"",""2016-02"",""1"""
"0000001118,""VR"",""4"",""2019-02"",""1"""
"0000001126,""VR"",""0"",""2015-07"",""1"""
"0000001131,""VR"",""0"",""2017-11"",""1"""
"0000001131,""VR"",""0"",""2017-04"",""2"""
"0000001131,""VR"",""4"",""2017-05"",""2"""
"0000001131,""VR"",""4"",""2018-01"",""1"""
"0000001131,""VR"",""4"",""2017-10"",""1"""
"0000001136,""VR"",""12"",""2019-01"",""1"""
"0000001139,""VR"",""0"",""2016-06"",""1"""
"0000001141,""VR"",""4"",""2017-11"",""1"""
"0000001141,""VR"",""4"",""2018-03"",""1"""
"0000001141,""VR"",""4"",""2018-12"",""1"""
"0000001141,""VR"",""4"",""2018-02"",""1"""
"0000001141,""VR"",""4"",""2018-04"",""1"""
"0000001141,""VR"",""4"",""2018-01"",""3"""
"0000001141,""VR"",""4"",""2019-02"",""2"""
"0000001147,""MI"",""0"",""2017-05"",""1"""
"0000001147,""VR"",""4"",""2017-11"",""2"""
"0000001147,""VR"",""4"",""2018-10"",""3"""
"0000001147,""VR"",""4"",""2018-05"",""1"""
"0000001147,""VR"",""4"",""2018-11"",""3"""
"0000001147,""VR"",""4"",""2018-02"",""2"""
"0000001147,""VR"",""4"",""2018-09"",""1"""
"0000001147,""VR"",""4"",""2019-02"",""1"""
"0000001147,""VR"",""4"",""2018-12"",""2"""
"0000001147,""VR"",""4"",""2019-01"",""4"""
"0000001147,""VR"",""4"",""2018-06"",""1"""
"0000001147,""VR"",""4"",""2017-10"",""2"""
"0000001147,""VR"",""4"",""2017-12"",""1"""
"0000001147,""VR"",""4"",""2018-04"",""1"""
"0000001160,""VR"",""0"",""2015-07"",""1"""
"0000001161,""VR"",""0"",""2016-12"",""2"""
"0000001161,""VR"",""0"",""2015-09"",""2"""
"0000001161,""VR"",""0"",""2015-10"",""3"""
"0000001161,""VR"",""0"",""2016-01"",""2"""
"0000001161,""VR"",""0"",""2016-02"",""2"""
"0000001161,""VR"",""0"",""2015-07"",""2"""
"0000001161,""VR"",""0"",""2016-08"",""1"""
"0000001161,""VR"",""0"",""2016-04"",""2"""
"0000001161,""VR"",""0"",""2015-08"",""3"""
"0000001161,""VR"",""0"",""2015-06"",""2"""
"0000001161,""VR"",""0"",""2015-12"",""2"""
"0000001161,""VR"",""0"",""2015-05"",""1"""
"0000001161,""VR"",""0"",""2015-11"",""3"""
"0000001161,""VR"",""0"",""2016-03"",""1"""
"0000001163,""VR"",""0"",""2016-07"",""3"""
"0000001163,""VR"",""0"",""2016-02"",""7"""
"0000001163,""VR"",""0"",""2015-12"",""3"""
"0000001163,""VR"",""0"",""2016-05"",""4"""
"0000001163,""VR"",""0"",""2017-05"",""3"""
"0000001163,""VR"",""0"",""2016-03"",""8"""
"0000001163,""VR"",""0"",""2016-01"",""3"""
"0000001163,""VR"",""0"",""2016-06"",""1"""
"0000001163,""VR"",""0"",""2016-04"",""4"""
"0000001179,""VR"",""0"",""2016-06"",""1"""
"0000001202,""VR"",""0"",""2016-02"",""1"""
"0000001209,""VR"",""4"",""2018-12"",""1"""
"0000001209,""VR"",""4"",""2019-02"",""3"""
"0000001209,""VR"",""4"",""2018-04"",""1"""
"0000001209,""VR"",""4"",""2018-07"",""3"""
"0000001209,""VR"",""4"",""2018-06"",""1"""
"0000001209,""VR"",""4"",""2018-10"",""5"""
"0000001209,""VR"",""4"",""2019-01"",""4"""
"0000001209,""VR"",""4"",""2018-11"",""1"""
"0000001209,""VR"",""4"",""2018-08"",""2"""
"0000001209,""VR"",""4"",""2018-05"",""1"""
"0000001217,""VR"",""4"",""2017-12"",""1"""
"0000001217,""VR"",""4"",""2017-10"",""1"""
"0000001218,""VR"",""0"",""2018-01"",""1"""
"0000001218,""VR"",""4"",""2018-08"",""1"""
"0000001237,""VR"",""0"",""2016-12"",""1"""
"0000001252,""VR"",""0"",""2016-11"",""1"""
"0000001270,""VR"",""0"",""2015-08"",""1"""
"0000001270,""VR"",""0"",""2015-09"",""1"""
"0000001306,""VR"",""0"",""2015-08"",""1"""
"0000001327,""VR"",""0"",""2015-11"",""1"""
"0000001331,""VR"",""0"",""2016-12"",""1"""
"0000001332,""VR"",""0"",""2015-11"",""1"""
"0000001332,""VR"",""0"",""2016-05"",""1"""
"0000001332,""VR"",""0"",""2016-01"",""1"""
"0000001332,""VR"",""0"",""2015-10"",""1"""
"0000001332,""VR"",""0"",""2016-02"",""2"""
"0000001332,""VR"",""0"",""2016-07"",""1"""
"0000001332,""VR"",""0"",""2016-04"",""1"""
"0000001332,""VR"",""0"",""2016-08"",""1"""
"0000001353,""BS"",""0"",""2016-01"",""1"""
"0000001372,""VR"",""0"",""2016-06"",""1"""
"0000001372,""VR"",""0"",""2015-09"",""1"""
"0000001372,""VR"",""0"",""2015-10"",""1"""
"0000001378,""VR"",""4"",""2018-09"",""1"""
"0000001380,""VR"",""0"",""2015-12"",""1"""
"0000001382,""VR"",""0"",""2016-12"",""1"""
"0000001382,""VR"",""4"",""2018-06"",""3"""
"0000001382,""VR"",""4"",""2018-09"",""2"""
"0000001382,""VR"",""4"",""2018-05"",""1"""
"0000001382,""VR"",""4"",""2018-07"",""1"""
"0000001382,""VR"",""8"",""2018-07"",""1"""
"0000001403,""VR"",""0"",""2016-11"",""2"""
"0000001403,""VR"",""0"",""2017-02"",""1"""
"0000001403,""VR"",""0"",""2016-07"",""2"""
"0000001403,""VR"",""0"",""2016-06"",""1"""
"0000001403,""VR"",""0"",""2016-05"",""1"""
"0000001403,""VR"",""0"",""2016-09"",""1"""
"0000001403,""VR"",""0"",""2016-01"",""2"""
"0000001403,""VR"",""0"",""2017-01"",""1"""
"0000001403,""VR"",""0"",""2015-11"",""1"""
"0000001403,""VR"",""0"",""2015-12"",""1"""
"0000001403,""VR"",""4"",""2018-05"",""3"""
"0000001403,""VR"",""4"",""2018-02"",""2"""
"0000001403,""VR"",""4"",""2018-12"",""3"""
"0000001403,""VR"",""4"",""2018-11"",""3"""
"0000001403,""VR"",""4"",""2018-04"",""2"""
"0000001403,""VR"",""4"",""2019-01"",""3"""
"0000001403,""VR"",""4"",""2017-09"",""3"""
"0000001403,""VR"",""4"",""2017-10"",""2"""
"0000001403,""VR"",""4"",""2017-05"",""3"""
"0000001403,""VR"",""4"",""2018-10"",""2"""
"0000001403,""VR"",""4"",""2019-02"",""1"""
"0000001403,""VR"",""4"",""2017-07"",""4"""
"0000001403,""VR"",""4"",""2017-08"",""3"""
"0000001403,""VR"",""4"",""2018-01"",""2"""
"0000001403,""VR"",""4"",""2017-12"",""3"""
"0000001403,""VR"",""4"",""2018-08"",""2"""
"0000001403,""VR"",""4"",""2017-11"",""2"""
"0000001403,""VR"",""4"",""2018-03"",""3"""
"0000001403,""VR"",""4"",""2018-07"",""3"""
"0000001403,""VR"",""4"",""2018-09"",""3"""
"0000001403,""VR"",""4"",""2018-06"",""2"""
"0000001403,""VR"",""8"",""2019-02"",""1"""
"0000001403,""VR"",""8"",""2018-10"",""1"""
"0000001407,""VR"",""0"",""2017-05"",""1"""
"0000001412,""VR"",""0"",""2015-10"",""1"""
"0000001422,""VR"",""0"",""2018-05"",""1"""
"0000001422,""VR"",""0"",""2016-04"",""2"""
"0000001422,""VR"",""0"",""2018-04"",""1"""
"0000001422,""VR"",""0"",""2016-09"",""1"""
"0000001422,""VR"",""0"",""2018-11"",""1"""
"0000001422,""VR"",""4"",""2017-12"",""1"""
"0000001427,""VR"",""0"",""2018-02"",""1"""
"0000001427,""VR"",""4"",""2018-02"",""1"""
"0000001442,""VR"",""0"",""2016-03"",""2"""
"0000001442,""VR"",""0"",""2015-07"",""1"""
"0000001446,""VR"",""0"",""2016-03"",""1"""
"0000001450,""VR"",""0"",""2018-04"",""1"""
"0000001450,""VR"",""0"",""2018-03"",""1"""
"0000001450,""VR"",""4"",""2018-03"",""1"""
"0000001450,""VR"",""4"",""2017-07"",""1"""
"0000001450,""VR"",""4"",""2017-09"",""1"""
"0000001465,""VR"",""0"",""2017-10"",""1"""
"0000001465,""VR"",""4"",""2018-01"",""1"""
"0000001486,""VR"",""0"",""2015-07"",""1"""
"0000001486,""VR"",""0"",""2016-02"",""1"""
"0000001502,""VR"",""0"",""2017-03"",""1"""
"0000001502,""VR"",""0"",""2016-03"",""1"""
"0000001502,""VR"",""0"",""2016-10"",""1"""
"0000001529,""VI"",""0"",""2016-09"",""3"""
"0000001529,""VI"",""0"",""2016-11"",""2"""
"0000001529,""VI"",""0"",""2017-01"",""1"""
"0000001529,""VI"",""0"",""2016-10"",""3"""
"0000001570,""VI"",""0"",""2015-10"",""1"""
"0000001576,""BS"",""0"",""2018-10"",""1"""
"0000001582,""VR"",""0"",""2015-08"",""1"""
"0000001616,""BS"",""0"",""2015-12"",""1"""
"0000001622,""VI"",""0"",""2015-12"",""1"""
"0000001630,""VI"",""8"",""2018-10"",""1"""
"0000001631,""BS"",""0"",""2016-03"",""1"""
"0000001639,""VR"",""0"",""2016-12"",""1"""
"0000001651,""VI"",""0"",""2016-04"",""2"""
"0000001656,""VI"",""0"",""2015-07"",""1"""
"0000001678,""BS"",""0"",""2016-02"",""1"""
"0000001678,""BS"",""0"",""2016-10"",""1"""
"0000001678,""BS"",""0"",""2016-11"",""1"""
"0000001678,""BS"",""0"",""2016-06"",""2"""
"0000001678,""BS"",""0"",""2018-12"",""1"""
"0000001697,""VI"",""0"",""2019-01"",""1"""
"0000001720,""VI"",""0"",""2015-06"",""1"""
"0000001738,""VI"",""0"",""2015-06"",""1"""
"0000001741,""BS"",""0"",""2016-07"",""1"""
"0000001742,""VR"",""0"",""2018-01"",""2"""
"0000001742,""VR"",""0"",""2017-09"",""1"""
"0000001742,""VR"",""0"",""2017-01"",""5"""
"0000001742,""VR"",""0"",""2017-03"",""2"""
"0000001742,""VR"",""0"",""2017-02"",""5"""
"0000001742,""VR"",""0"",""2017-10"",""1"""
"0000001742,""VR"",""0"",""2017-04"",""3"""
"0000001742,""VR"",""0"",""2017-08"",""1"""
"0000001742,""VR"",""0"",""2017-05"",""1"""
"0000001742,""VR"",""4"",""2018-11"",""1"""
"0000001742,""VR"",""4"",""2017-12"",""3"""
"0000001742,""VR"",""4"",""2017-11"",""2"""
"0000001742,""VR"",""4"",""2018-10"",""1"""
"0000001742,""VR"",""4"",""2018-02"",""1"""
"0000001742,""VR"",""4"",""2017-09"",""3"""
"0000001742,""VR"",""4"",""2018-01"",""2"""
"0000001742,""VR"",""4"",""2019-01"",""2"""
"0000001742,""VR"",""4"",""2017-10"",""2"""
"0000001749,""VR"",""0"",""2015-09"",""1"""
"0000001749,""VR"",""4"",""2018-09"",""1"""
"0000001767,""VR"",""4"",""2018-01"",""1"""
"0000001768,""VR"",""0"",""2017-03"",""1"""
"0000001776,""VR"",""0"",""2016-12"",""1"""
"0000001776,""VR"",""0"",""2016-01"",""2"""
"0000001776,""VR"",""0"",""2018-01"",""1"""
"0000001776,""VR"",""0"",""2017-03"",""1"""
"0000001776,""VR"",""0"",""2016-02"",""1"""
"0000001776,""VR"",""0"",""2018-03"",""1"""
"0000001776,""VR"",""0"",""2018-11"",""1"""
"0000001776,""VR"",""0"",""2018-10"",""1"""
"0000001776,""VR"",""0"",""2016-03"",""1"""
"0000001776,""VR"",""0"",""2016-11"",""1"""
"0000001776,""VR"",""0"",""2015-11"",""4"""
"0000001776,""VR"",""0"",""2015-10"",""1"""
"0000001776,""VR"",""0"",""2015-12"",""2"""
"0000001776,""VR"",""0"",""2016-05"",""2"""
"0000001776,""VR"",""0"",""2018-02"",""1"""
"0000001776,""VR"",""0"",""2016-10"",""1"""
"0000001776,""VR"",""0"",""2016-04"",""2"""
"0000001776,""VR"",""4"",""2018-05"",""4"""
"0000001776,""VR"",""4"",""2017-09"",""1"""
"0000001776,""VR"",""4"",""2018-09"",""3"""
"0000001776,""VR"",""4"",""2018-10"",""5"""
"0000001776,""VR"",""4"",""2019-02"",""2"""
"0000001776,""VR"",""4"",""2017-12"",""4"""
"0000001776,""VR"",""4"",""2018-12"",""4"""
"0000001776,""VR"",""4"",""2017-11"",""4"""
"0000001776,""VR"",""4"",""2018-08"",""2"""
"0000001776,""VR"",""4"",""2018-06"",""3"""
"0000001776,""VR"",""4"",""2018-03"",""4"""
"0000001776,""VR"",""4"",""2019-01"",""4"""
"0000001776,""VR"",""4"",""2018-11"",""3"""
"0000001776,""VR"",""4"",""2018-02"",""4"""
"0000001776,""VR"",""4"",""2018-04"",""6"""
"0000001776,""VR"",""4"",""2017-10"",""3"""
"0000001776,""VR"",""4"",""2018-07"",""4"""
"0000001776,""VR"",""4"",""2018-01"",""5"""
"0000001776,""VR"",""4"",""2017-05"",""1"""
"0000001784,""VR"",""0"",""2015-06"",""1"""
"0000001795,""VR"",""0"",""2016-12"",""1"""
"0000001795,""VR"",""0"",""2017-02"",""1"""
"0000001795,""VR"",""4"",""2017-12"",""1"""
"0000001795,""VR"",""4"",""2017-09"",""1"""
"0000001795,""VR"",""4"",""2018-11"",""1"""
"0000001795,""VR"",""4"",""2017-05"",""1"""
"0000001795,""VR"",""4"",""2017-08"",""1"""
"0000001795,""VR"",""4"",""2017-10"",""1"""
"0000001802,""VI"",""0"",""2018-06"",""2"""
"0000001807,""VI"",""8"",""2018-09"",""1"""
"0000001815,""VI"",""0"",""2016-03"",""1"""
"0000001822,""VR"",""12"",""2019-01"",""1"""
"0000001858,""VI"",""0"",""2015-09"",""1"""
"0000001858,""VI"",""0"",""2015-11"",""1"""
"0000001858,""VI"",""0"",""2015-06"",""1"""
"0000001862,""VI"",""0"",""2015-08"",""1"""
"0000001869,""VI"",""0"",""2016-02"",""1"""
"0000001873,""VR"",""0"",""2017-09"",""1"""
"0000001873,""VR"",""4"",""2018-02"",""3"""
"0000001873,""VR"",""4"",""2017-11"",""2"""
"0000001873,""VR"",""4"",""2017-12"",""1"""
"0000001873,""VR"",""4"",""2018-10"",""1"""
"0000001873,""VR"",""4"",""2018-03"",""1"""
"0000001873,""VR"",""4"",""2018-01"",""3"""
"0000001873,""VR"",""4"",""2017-10"",""5"""
"0000001873,""VR"",""4"",""2018-04"",""4"""
"0000001877,""BS"",""0"",""2016-05"",""1"""
"0000001877,""BS"",""0"",""2016-06"",""1"""
"0000001918,""VI"",""0"",""2016-04"",""1"""
"0000001918,""VI"",""0"",""2016-07"",""1"""
"0000001918,""VI"",""0"",""2015-12"",""2"""
"0000001918,""VI"",""0"",""2016-05"",""1"""
"0000001930,""VI"",""0"",""2016-06"",""1"""
"0000001930,""VI"",""0"",""2016-01"",""2"""
"0000001930,""VI"",""0"",""2016-03"",""1"""
"0000001933,""VR"",""0"",""2016-12"",""2"""
"0000001938,""VR"",""0"",""2018-09"",""1"""
"0000001941,""VR"",""0"",""2016-03"",""1"""
"0000001941,""VR"",""0"",""2015-09"",""1"""
"0000001945,""BS"",""0"",""2015-12"",""1"""
"0000001945,""BS"",""0"",""2016-01"",""2"""
"0000001945,""BS"",""0"",""2016-02"",""1"""
"0000001945,""BS"",""0"",""2016-03"",""2"""
"0000001949,""VR"",""0"",""2015-07"",""1"""
"0000001975,""VI"",""0"",""2016-08"",""2"""
"0000001991,""BS"",""0"",""2015-11"",""1"""
"0000001992,""BS"",""0"",""2017-06"",""1"""
"0000001992,""BS"",""0"",""2017-03"",""1"""
"0000001992,""BS"",""0"",""2015-11"",""2"""
"0000001992,""BS"",""0"",""2015-07"",""2"""
"0000001992,""BS"",""0"",""2015-09"",""1"""
"0000001992,""BS"",""0"",""2015-12"",""1"""
"0000001992,""BS"",""0"",""2015-10"",""1"""
"0000001992,""BS"",""0"",""2016-03"",""1"""
"0000001992,""BS"",""0"",""2018-01"",""1"""
"0000001992,""BS"",""0"",""2018-09"",""1"""
"0000001992,""BS"",""0"",""2016-01"",""1"""
"0000001992,""BS"",""4"",""2018-06"",""1"""
"0000001992,""BS"",""4"",""2018-04"",""1"""
"0000001992,""BS"",""4"",""2018-05"",""3"""
"0000001992,""BS"",""4"",""2018-03"",""1"""
"0000001992,""BS"",""11"",""2019-01"",""1"""
"0000001992,""BS"",""11"",""2018-09"",""1"""
"0000001992,""BS"",""11"",""2018-07"",""2"""
"0000001992,""BS"",""11"",""2019-02"",""2"""
"0000001992,""BS"",""11"",""2018-06"",""1"""
"0000002002,""BS"",""0"",""2018-06"",""1"""
"0000002002,""BS"",""0"",""2017-06"",""2"""
"0000002002,""BS"",""0"",""2018-12"",""2"""
"0000002002,""BS"",""0"",""2016-10"",""1"""
"0000002002,""BS"",""0"",""2015-11"",""1"""
"0000002002,""BS"",""0"",""2016-02"",""1"""
"0000002002,""BS"",""0"",""2016-04"",""3"""
"0000002002,""BS"",""0"",""2016-06"",""2"""
"0000002002,""BS"",""0"",""2016-09"",""2"""
"0000002002,""BS"",""0"",""2016-05"",""1"""
"0000002002,""BS"",""0"",""2017-02"",""2"""
"0000002002,""BS"",""0"",""2016-01"",""1"""
"0000002002,""BS"",""0"",""2017-05"",""1"""
"0000002002,""BS"",""0"",""2015-12"",""1"""
"0000002002,""BS"",""0"",""2016-07"",""3"""
"0000002002,""BS"",""0"",""2016-12"",""2"""
"0000002002,""BS"",""0"",""2015-10"",""1"""
"0000002002,""BS"",""0"",""2018-01"",""1"""
"0000002002,""BS"",""0"",""2017-04"",""2"""
"0000002002,""BS"",""0"",""2017-03"",""1"""
"0000002002,""BS"",""0"",""2016-03"",""3"""
"0000002053,""BS"",""0"",""2016-09"",""1"""
"0000002053,""BS"",""0"",""2016-06"",""1"""
"0000002053,""BS"",""0"",""2016-01"",""1"""
"0000002053,""BS"",""0"",""2016-04"",""1"""
"0000002053,""BS"",""0"",""2016-10"",""1"""
"0000002053,""BS"",""0"",""2016-08"",""1"""
"0000002053,""BS"",""0"",""2016-07"",""1"""
"0000002053,""BS"",""4"",""2018-10"",""1"""
"0000002055,""VI"",""0"",""2016-10"",""1"""
"0000002055,""VI"",""0"",""2016-09"",""1"""
"0000002055,""VI"",""0"",""2015-10"",""1"""
"0000002055,""VI"",""0"",""2015-09"",""1"""
"0000002081,""VI"",""0"",""2016-06"",""1"""
"0000002081,""VI"",""0"",""2015-07"",""1"""
"0000002081,""VI"",""0"",""2015-12"",""1"""
"0000002081,""VI"",""0"",""2016-01"",""1"""
"0000002093,""VR"",""0"",""2016-12"",""1"""
"0000002093,""VR"",""0"",""2017-04"",""2"""
"0000002093,""VR"",""0"",""2016-04"",""1"""
"0000002093,""VR"",""4"",""2018-10"",""2"""
"0000002093,""VR"",""4"",""2018-12"",""3"""
"0000002093,""VR"",""12"",""2019-01"",""1"""
"0000002101,""VR"",""0"",""2017-10"",""2"""
"0000002104,""VR"",""0"",""2015-10"",""1"""
"0000002109,""VR"",""4"",""2018-04"",""1"""
"0000002111,""VR"",""0"",""2015-11"",""1"""
"0000002125,""VI"",""0"",""2015-06"",""1"""
"0000002125,""VI"",""0"",""2015-07"",""1"""
"0000002137,""VR"",""0"",""2016-03"",""1"""
"0000002159,""VR"",""0"",""2017-04"",""1"""
"0000002174,""VR"",""0"",""2017-10"",""3"""
"0000002174,""VR"",""4"",""2018-01"",""1"""
"0000002174,""VR"",""4"",""2017-11"",""4"""
"0000002174,""VR"",""4"",""2017-12"",""2"""
"0000002174,""VR"",""4"",""2018-03"",""1"""
"0000002181,""VR"",""4"",""2019-01"",""1"""
"0000002189,""VR"",""0"",""2015-10"",""1"""
"0000002200,""BS"",""0"",""2016-02"",""2"""
"0000002206,""BS"",""0"",""2016-07"",""1"""
"0000002229,""BS"",""0"",""2018-07"",""1"""
"0000002229,""BS"",""4"",""2018-06"",""1"""
"0000002229,""BS"",""4"",""2018-04"",""1"""
"0000002287,""VR"",""0"",""2015-07"",""1"""
"0000002287,""VR"",""0"",""2015-12"",""1"""
"0000002289,""VI"",""0"",""2016-10"",""1"""
"0000002289,""VI"",""0"",""2016-05"",""1"""
"0000002289,""VI"",""0"",""2016-02"",""1"""
"0000002289,""VI"",""0"",""2016-04"",""1"""
"0000002289,""VI"",""0"",""2015-11"",""1"""
"0000002289,""VI"",""0"",""2016-08"",""1"""
"0000002289,""VI"",""0"",""2016-03"",""1"""
"0000002289,""VI"",""0"",""2015-12"",""1"""
"0000002289,""VI"",""0"",""2016-01"",""3"""
"0000002309,""VI"",""0"",""2016-03"",""1"""
"0000002314,""VI"",""0"",""2018-02"",""1"""
"0000002314,""VI"",""0"",""2017-11"",""1"""
"0000002314,""VI"",""0"",""2017-03"",""1"""
"0000002316,""VI"",""0"",""2016-07"",""1"""
"0000002331,""VI"",""0"",""2015-12"",""1"""
"0000002353,""VI"",""0"",""2016-03"",""1"""
"0000002358,""VI"",""0"",""2016-01"",""1"""
"0000002362,""VR"",""0"",""2017-06"",""2"""
"0000002377,""VI"",""0"",""2016-05"",""1"""
"0000002400,""BS"",""0"",""2017-01"",""1"""
"0000002400,""BS"",""0"",""2016-02"",""1"""
"0000002400,""BS"",""0"",""2016-01"",""4"""
"0000002400,""BS"",""0"",""2016-03"",""1"""
"0000002400,""BS"",""0"",""2015-12"",""1"""
"0000002404,""VI"",""0"",""2015-09"",""1"""
"0000002478,""VI"",""0"",""2016-01"",""1"""
"0000002488,""VI"",""0"",""2018-06"",""3"""
"0000002488,""VI"",""8"",""2018-08"",""2"""
"0000002488,""VI"",""8"",""2019-02"",""3"""
"0000002488,""VI"",""8"",""2018-10"",""1"""
"0000002488,""VI"",""8"",""2018-12"",""5"""
"0000002488,""VI"",""8"",""2018-09"",""1"""
"0000002488,""VI"",""8"",""2018-11"",""1"""
"0000002488,""VI"",""8"",""2019-01"",""3"""
"0000002488,""VI"",""92"",""2019-01"",""2"""
"0000002511,""PD"",""0"",""2016-10"",""2"""
"0000002511,""VI"",""0"",""2015-10"",""1"""
"0000002511,""PD"",""0"",""2016-03"",""1"""
"0000002511,""VI"",""0"",""2015-06"",""1"""
"0000002511,""VI"",""0"",""2015-11"",""1"""
"0000002511,""VI"",""0"",""2015-07"",""3"""
"0000002511,""VI"",""0"",""2015-08"",""1"""
"0000002511,""PD"",""0"",""2016-08"",""1"""
"0000002511,""VI"",""0"",""2015-09"",""2"""
"0000002511,""PD"",""0"",""2016-06"",""2"""
"0000002511,""PD"",""0"",""2015-08"",""1"""
"0000002511,""PD"",""0"",""2016-02"",""1"""
"0000002511,""VI"",""0"",""2015-12"",""4"""
"0000002511,""PD"",""0"",""2016-05"",""2"""
"0000002511,""PD"",""0"",""2016-12"",""1"""
"0000002511,""PD"",""0"",""2016-09"",""2"""
"0000002511,""PD"",""0"",""2016-04"",""1"""
"0000002531,""VI"",""0"",""2015-07"",""1"""
"0000002595,""PD"",""0"",""2016-10"",""1"""
"0000002595,""PD"",""0"",""2016-11"",""1"""
"0000002595,""PD"",""0"",""2016-09"",""1"""
"0000002595,""PD"",""0"",""2016-07"",""1"""
"0000002599,""VI"",""0"",""2015-11"",""1"""
"0000002603,""MN"",""0"",""2016-02"",""1"""
"0000002605,""VR"",""0"",""2016-07"",""1"""
"0000002606,""VI"",""0"",""2016-02"",""1"""
"0000002611,""VI"",""0"",""2016-02"",""1"""
"0000002611,""VI"",""0"",""2015-09"",""1"""
"0000002611,""VI"",""0"",""2016-05"",""2"""
"0000002611,""VI"",""0"",""2015-07"",""1"""
"0000002617,""BS"",""11"",""2018-08"",""1"""
"0000002622,""MI"",""0"",""2018-06"",""3"""
"0000002624,""BS"",""0"",""2016-04"",""1"""
"0000002638,""VI"",""8"",""2018-10"",""3"""
"0000002638,""VI"",""8"",""2019-02"",""4"""
"0000002638,""VI"",""8"",""2018-11"",""3"""
"0000002638,""VI"",""8"",""2019-01"",""5"""
"0000002638,""VI"",""8"",""2018-08"",""2"""
"0000002638,""VI"",""8"",""2018-12"",""3"""
"0000002638,""VI"",""8"",""2018-09"",""4"""
"0000002640,""VR"",""4"",""2018-01"",""1"""
"0000002656,""BS"",""0"",""2016-02"",""1"""
"0000002662,""BS"",""0"",""2017-02"",""2"""
"0000002662,""BS"",""0"",""2016-02"",""3"""
"0000002662,""BS"",""0"",""2015-12"",""4"""
"0000002662,""BS"",""0"",""2016-08"",""2"""
"0000002662,""BS"",""0"",""2017-05"",""4"""
"0000002662,""BS"",""0"",""2016-09"",""3"""
"0000002662,""BS"",""0"",""2017-06"",""1"""
"0000002662,""BS"",""0"",""2017-03"",""2"""
"0000002662,""BS"",""0"",""2016-01"",""4"""
"0000002662,""BS"",""0"",""2016-03"",""2"""
"0000002662,""BS"",""0"",""2016-12"",""2"""
"0000002662,""BS"",""0"",""2016-07"",""1"""
"0000002662,""BS"",""0"",""2016-06"",""4"""
"0000002662,""BS"",""0"",""2017-01"",""3"""
"0000002662,""BS"",""0"",""2016-05"",""4"""
"0000002662,""BS"",""0"",""2017-04"",""2"""
"0000002662,""BS"",""0"",""2016-04"",""3"""
"0000002662,""BS"",""4"",""2019-02"",""2"""
"0000002662,""BS"",""11"",""2019-02"",""1"""
"0000002664,""VI"",""0"",""2016-04"",""1"""
"0000002664,""VI"",""0"",""2016-06"",""1"""
"0000002706,""VR"",""0"",""2017-12"",""1"""
"0000002712,""VR"",""0"",""2017-05"",""2"""
"0000002712,""VR"",""4"",""2017-05"",""1"""
"0000002733,""VI"",""0"",""2017-10"",""1"""
"0000002733,""VI"",""0"",""2015-06"",""1"""
"0000002733,""VI"",""0"",""2018-09"",""1"""
"0000002733,""VI"",""0"",""2018-01"",""1"""
"0000002733,""VI"",""0"",""2015-10"",""1"""
"0000002733,""VI"",""8"",""2018-10"",""1"""
"0000002736,""VI"",""0"",""2015-10"",""1"""
"0000002736,""VI"",""0"",""2017-11"",""1"""
"0000002736,""VI"",""0"",""2018-04"",""1"""
"0000002748,""VI"",""0"",""2015-07"",""1"""
"0000002748,""VI"",""0"",""2016-01"",""1"""
"0000002748,""VI"",""0"",""2015-06"",""1"""
"0000002748,""VI"",""0"",""2017-03"",""1"""
"0000002765,""VR"",""0"",""2018-02"",""2"""
"0000002765,""VR"",""0"",""2015-10"",""1"""
"0000002765,""VR"",""0"",""2016-02"",""1"""
"0000002765,""VR"",""4"",""2018-03"",""1"""
"0000002765,""VR"",""4"",""2018-08"",""1"""
"0000002767,""BS"",""0"",""2018-03"",""1"""
"0000002817,""BS"",""0"",""2015-11"",""1"""
"0000002818,""VR"",""0"",""2017-04"",""1"""
"0000002820,""VI"",""0"",""2016-01"",""1"""
"0000002828,""BS"",""4"",""2019-01"",""1"""
"0000002828,""BS"",""4"",""2019-02"",""2"""
"0000002828,""BS"",""4"",""2018-04"",""1"""
"0000002828,""BS"",""4"",""2018-07"",""1"""
"0000002828,""BS"",""4"",""2018-09"",""1"""
"0000002828,""BS"",""4"",""2018-10"",""2"""
"0000002828,""BS"",""11"",""2019-01"",""1"""
"0000002845,""VR"",""0"",""2016-11"",""1"""
"0000002845,""VR"",""0"",""2016-04"",""1"""
"0000002850,""VR"",""0"",""2017-11"",""1"""
"0000002850,""VR"",""0"",""2017-09"",""1"""
"0000002850,""VR"",""4"",""2018-05"",""6"""
"0000002850,""VR"",""4"",""2018-08"",""4"""
"0000002850,""VR"",""4"",""2017-10"",""2"""
"0000002850,""VR"",""4"",""2017-11"",""3"""
"0000002850,""VR"",""4"",""2018-09"",""5"""
"0000002850,""VR"",""4"",""2017-09"",""4"""
"0000002850,""VR"",""4"",""2018-12"",""4"""
"0000002850,""VR"",""4"",""2018-07"",""5"""
"0000002850,""VR"",""4"",""2019-02"",""2"""
"0000002850,""VR"",""4"",""2018-10"",""4"""
"0000002850,""VR"",""4"",""2018-11"",""3"""
"0000002850,""VR"",""4"",""2019-01"",""4"""
"0000002850,""VR"",""4"",""2017-08"",""4"""
"0000002850,""VR"",""4"",""2018-02"",""3"""
"0000002850,""VR"",""4"",""2018-04"",""6"""
"0000002850,""VR"",""4"",""2017-12"",""5"""
"0000002850,""VR"",""4"",""2018-01"",""4"""
"0000002850,""VR"",""4"",""2018-03"",""5"""
"0000002850,""VR"",""4"",""2018-06"",""4"""
"0000002852,""VI"",""0"",""2016-01"",""2"""
"0000002874,""VI"",""0"",""2015-09"",""1"""
"0000002877,""VI"",""0"",""2015-11"",""1"""
"0000002888,""VI"",""0"",""2016-01"",""1"""
"0000002888,""VI"",""0"",""2016-09"",""1"""
"0000002899,""MI"",""0"",""2016-09"",""1"""
"0000002899,""MI"",""2"",""2017-12"",""1"""
"0000002904,""VR"",""4"",""2018-04"",""2"""
"0000002904,""VR"",""4"",""2018-05"",""2"""
"0000002920,""MI"",""0"",""2016-01"",""2"""
"0000002920,""MI"",""0"",""2016-05"",""1"""
"0000002920,""MI"",""0"",""2016-11"",""1"""
"0000002920,""MI"",""0"",""2016-03"",""1"""
"0000002928,""BS"",""0"",""2015-09"",""1"""
"0000002928,""BS"",""0"",""2015-11"",""1"""
"0000002930,""VR"",""4"",""2017-07"",""1"""
"0000002930,""VR"",""4"",""2017-05"",""1"""
"0000002930,""VR"",""12"",""2019-02"",""1"""
"0000002937,""VR"",""0"",""2017-11"",""2"""
"0000002937,""VR"",""0"",""2017-06"",""1"""
"0000002937,""VR"",""0"",""2017-07"",""1"""
"0000002937,""VR"",""0"",""2017-12"",""1"""
"0000002937,""VR"",""4"",""2018-07"",""2"""
"0000002937,""VR"",""4"",""2018-05"",""1"""
"0000002937,""VR"",""4"",""2018-09"",""1"""
"0000002937,""VR"",""4"",""2018-03"",""1"""
"0000002937,""VR"",""4"",""2018-02"",""1"""
"0000002937,""VR"",""4"",""2019-02"",""1"""
"0000002937,""VR"",""4"",""2018-10"",""1"""
"0000002937,""VR"",""4"",""2018-11"",""1"""
"0000002937,""VR"",""4"",""2019-01"",""1"""
"0000002937,""VR"",""4"",""2018-04"",""1"""
"0000002937,""VR"",""4"",""2018-01"",""1"""
"0000002940,""VI"",""0"",""2015-11"",""1"""
"0000002951,""VR"",""0"",""2017-10"",""1"""
"0000002951,""VR"",""0"",""2017-03"",""1"""
"0000002951,""VR"",""4"",""2017-10"",""1"""
"0000002954,""VR"",""0"",""2015-06"",""1"""
"0000002956,""VR"",""0"",""2015-09"",""1"""
"0000002963,""VI"",""0"",""2015-08"",""1"""
"0000002963,""VI"",""0"",""2016-10"",""3"""
"0000002965,""RM"",""0"",""2015-09"",""1"""
"0000002967,""VR"",""0"",""2016-03"",""1"""
"0000002967,""VR"",""0"",""2016-05"",""1"""
"0000002967,""VR"",""0"",""2016-06"",""1"""
"0000002967,""VR"",""0"",""2016-01"",""2"""
"0000002982,""VR"",""0"",""2017-01"",""1"""
"0000002982,""VR"",""0"",""2016-10"",""2"""
"0000002982,""VR"",""0"",""2016-11"",""3"""
"0000002982,""VR"",""4"",""2017-09"",""1"""
"0000002982,""VR"",""4"",""2019-01"",""2"""
"0000002982,""VR"",""4"",""2018-02"",""1"""
"0000002982,""VR"",""4"",""2018-04"",""1"""
"0000002982,""VR"",""4"",""2018-09"",""2"""
"0000002982,""VR"",""4"",""2018-05"",""2"""
"0000002982,""VR"",""4"",""2018-03"",""2"""
"0000002982,""VR"",""4"",""2018-12"",""1"""
"0000002982,""VR"",""4"",""2018-06"",""1"""
"0000002982,""VR"",""4"",""2017-11"",""1"""
"0000002982,""VR"",""4"",""2018-10"",""1"""
"0000002982,""VR"",""4"",""2018-07"",""1"""
"0000002982,""VR"",""4"",""2018-08"",""2"""
"0000002982,""VR"",""4"",""2018-11"",""4"""
"0000002982,""VR"",""4"",""2019-02"",""1"""
"0000003004,""BG"",""0"",""2017-03"",""1"""
"0000003004,""BG"",""0"",""2016-04"",""1"""
"0000003007,""VR"",""0"",""2015-10"",""1"""
"0000003007,""VR"",""0"",""2015-07"",""1"""
"0000003007,""VR"",""0"",""2015-08"",""1"""
"0000003019,""VR"",""4"",""2018-07"",""3"""
"0000003019,""VR"",""4"",""2017-10"",""4"""
"0000003019,""VR"",""4"",""2019-02"",""2"""
"0000003019,""VR"",""4"",""2018-06"",""3"""
"0000003019,""VR"",""4"",""2018-05"",""4"""
"0000003019,""VR"",""4"",""2018-03"",""5"""
"0000003019,""VR"",""4"",""2018-04"",""4"""
"0000003019,""VR"",""4"",""2017-09"",""4"""
"0000003019,""VR"",""4"",""2018-12"",""4"""
"0000003019,""VR"",""4"",""2018-01"",""3"""
"0000003019,""VR"",""4"",""2018-11"",""4"""
"0000003019,""VR"",""4"",""2018-08"",""1"""
"0000003019,""VR"",""4"",""2017-12"",""5"""
"0000003019,""VR"",""4"",""2017-11"",""4"""
"0000003019,""VR"",""4"",""2019-01"",""4"""
"0000003019,""VR"",""4"",""2018-10"",""4"""
"0000003019,""VR"",""4"",""2018-09"",""4"""
"0000003019,""VR"",""4"",""2018-02"",""4"""
"0000003019,""VR"",""8"",""2018-07"",""1"""
"0000003019,""VR"",""8"",""2018-08"",""2"""
"0000003029,""PD"",""0"",""2017-05"",""1"""
"0000003029,""PD"",""0"",""2016-09"",""1"""
"0000003029,""PD"",""0"",""2016-10"",""2"""
"0000003029,""PD"",""0"",""2017-07"",""1"""
"0000003029,""PD"",""0"",""2016-12"",""1"""
"0000003029,""PD"",""0"",""2016-02"",""1"""
"0000003029,""PD"",""0"",""2017-02"",""2"""
"0000003029,""PD"",""5"",""2018-06"",""3"""
"0000003029,""PD"",""5"",""2018-09"",""2"""
"0000003029,""PD"",""5"",""2018-05"",""1"""
"0000003029,""PD"",""5"",""2018-07"",""1"""
"0000003036,""VR"",""0"",""2015-11"",""1"""
"0000003040,""VR"",""0"",""2016-01"",""1"""
"0000003063,""PD"",""0"",""2019-02"",""1"""
"0000003063,""PD"",""0"",""2015-08"",""1"""
"0000003069,""BS"",""0"",""2016-03"",""2"""
"0000003069,""BS"",""0"",""2016-02"",""1"""
"0000003069,""BS"",""0"",""2015-12"",""1"""
"0000003069,""BS"",""0"",""2015-10"",""1"""
"0000003091,""BG"",""0"",""2017-10"",""1"""
"0000003100,""VR"",""0"",""2016-10"",""1"""
"0000003131,""VI"",""0"",""2015-07"",""1"""
"0000003140,""VI"",""0"",""2017-12"",""1"""
"0000003140,""VI"",""0"",""2016-05"",""1"""
"0000003142,""VI"",""0"",""2015-12"",""3"""
"0000003142,""VI"",""0"",""2016-01"",""1"""
"0000003142,""VI"",""0"",""2016-05"",""1"""
"0000003142,""VI"",""0"",""2016-02"",""1"""
"0000003142,""VI"",""0"",""2016-03"",""2"""
"0000003150,""VR"",""4"",""2017-11"",""1"""
"0000003150,""VR"",""4"",""2019-02"",""1"""
"0000003154,""VR"",""0"",""2016-02"",""4"""
"0000003154,""VR"",""0"",""2016-03"",""2"""
"0000003154,""VR"",""0"",""2015-09"",""1"""
"0000003154,""VR"",""0"",""2015-11"",""1"""
"0000003154,""VR"",""0"",""2016-01"",""3"""
"0000003154,""VR"",""0"",""2016-08"",""1"""
"0000003164,""VR"",""4"",""2018-12"",""3"""
"0000003164,""VR"",""4"",""2018-08"",""3"""
"0000003164,""VR"",""4"",""2018-09"",""1"""
"0000003164,""VR"",""4"",""2018-11"",""2"""
"0000003164,""VR"",""4"",""2018-07"",""2"""
"0000003164,""VR"",""4"",""2019-01"",""9"""
"0000003164,""VR"",""4"",""2018-10"",""3"""
"0000003172,""VR"",""0"",""2016-05"",""1"""
"0000003178,""PD"",""0"",""2016-11"",""1"""
"0000003191,""VI"",""0"",""2018-11"",""1"""
"0000003191,""VI"",""0"",""2017-02"",""4"""
"0000003191,""VI"",""0"",""2017-03"",""3"""
"0000003191,""VI"",""0"",""2016-10"",""2"""
"0000003191,""VI"",""0"",""2016-12"",""1"""
"0000003191,""VI"",""0"",""2017-04"",""3"""
"0000003191,""VI"",""0"",""2018-10"",""1"""
"0000003191,""VI"",""0"",""2017-05"",""1"""
"0000003191,""VI"",""0"",""2016-11"",""3"""
"0000003191,""VI"",""8"",""2018-11"",""1"""
"0000003215,""VI"",""0"",""2016-03"",""1"""
"0000003215,""VI"",""0"",""2016-02"",""2"""
"0000003235,""VI"",""0"",""2015-10"",""1"""
"0000003235,""VI"",""0"",""2015-11"",""1"""
"0000003277,""VR"",""0"",""2015-09"",""1"""
"0000003285,""BG"",""0"",""2016-03"",""2"""
"0000003285,""BG"",""0"",""2015-10"",""1"""
"0000003321,""VR"",""0"",""2016-09"",""1"""
"0000003325,""VR"",""0"",""2015-08"",""1"""
"0000003325,""VR"",""0"",""2015-07"",""1"""
"0000003325,""VR"",""0"",""2016-09"",""1"""
"0000003338,""VR"",""0"",""2016-02"",""1"""
"0000003338,""VR"",""4"",""2018-09"",""1"""
"0000003338,""VR"",""4"",""2018-10"",""3"""
"0000003338,""VR"",""4"",""2018-04"",""1"""
"0000003338,""VR"",""4"",""2018-11"",""2"""
"0000003338,""VR"",""4"",""2018-05"",""1"""
"0000003338,""VR"",""4"",""2018-02"",""1"""
"0000003338,""VR"",""4"",""2018-06"",""2"""
"0000003342,""VR"",""0"",""2016-10"",""1"""
"0000003371,""VR"",""0"",""2015-10"",""2"""
"0000003394,""VR"",""0"",""2015-08"",""1"""
"0000003394,""VR"",""0"",""2016-09"",""1"""
"0000003394,""VR"",""0"",""2016-06"",""1"""
"0000003400,""VR"",""0"",""2018-10"",""1"""
"0000003400,""VR"",""0"",""2018-11"",""3"""
"0000003400,""VR"",""0"",""2018-12"",""1"""
"0000003403,""VI"",""0"",""2018-04"",""1"""
"0000003415,""VR"",""0"",""2018-01"",""1"""
"0000003415,""VR"",""4"",""2018-09"",""1"""
"0000003415,""VR"",""4"",""2019-02"",""1"""
"0000003415,""VR"",""4"",""2018-10"",""1"""
"0000003415,""VR"",""4"",""2018-07"",""1"""
"0000003415,""VR"",""4"",""2018-06"",""1"""
"0000003415,""VR"",""4"",""2018-12"",""3"""
"0000003415,""VR"",""4"",""2018-08"",""1"""
"0000003422,""VR"",""0"",""2016-05"",""4"""
"0000003422,""VR"",""0"",""2016-09"",""3"""
"0000003422,""VR"",""0"",""2015-07"",""1"""
"0000003422,""VR"",""0"",""2016-01"",""2"""
"0000003422,""VR"",""0"",""2016-12"",""1"""
"0000003422,""VR"",""0"",""2015-09"",""1"""
"0000003422,""VR"",""0"",""2016-03"",""2"""
"0000003422,""VR"",""0"",""2015-12"",""2"""
"0000003422,""VR"",""0"",""2016-11"",""1"""
"0000003422,""VR"",""0"",""2016-02"",""3"""
"0000003422,""VR"",""0"",""2015-08"",""1"""
"0000003422,""VR"",""0"",""2016-04"",""3"""
"0000003425,""VR"",""0"",""2018-02"",""1"""
"0000003426,""VI"",""0"",""2015-10"",""1"""
"0000003426,""VI"",""0"",""2016-02"",""1"""
"0000003426,""VI"",""0"",""2015-07"",""1"""
"0000003426,""VI"",""0"",""2015-08"",""1"""
"0000003426,""VI"",""0"",""2015-12"",""1"""
"0000003432,""VR"",""0"",""2016-03"",""1"""
"0000003432,""VR"",""0"",""2015-05"",""1"""
"0000003432,""VR"",""0"",""2016-01"",""1"""
"0000003432,""VR"",""0"",""2016-05"",""2"""
"0000003432,""VR"",""0"",""2015-06"",""1"""
"0000003436,""VI"",""0"",""2016-06"",""1"""
"0000003436,""VI"",""0"",""2016-01"",""2"""
"0000003436,""VI"",""0"",""2016-07"",""1"""
"0000003436,""VI"",""0"",""2016-02"",""1"""
"0000003436,""VI"",""0"",""2016-04"",""2"""
"0000003442,""VI"",""0"",""2016-03"",""1"""
"0000003466,""VR"",""0"",""2018-04"",""1"""
"0000003466,""VR"",""0"",""2018-12"",""1"""
"0000003466,""VR"",""4"",""2018-11"",""15"""
"0000003466,""VR"",""4"",""2018-09"",""7"""
"0000003466,""VR"",""4"",""2018-10"",""21"""
"0000003466,""VR"",""4"",""2018-05"",""1"""
"0000003466,""VR"",""4"",""2019-02"",""3"""
"0000003466,""VR"",""4"",""2018-12"",""6"""
"0000003466,""VR"",""4"",""2019-01"",""4"""
"0000003466,""VR"",""4"",""2018-07"",""6"""
"0000003466,""VR"",""4"",""2018-06"",""4"""
"0000003466,""VR"",""4"",""2018-08"",""15"""
"0000003466,""VR"",""8"",""2018-07"",""2"""
"0000003466,""VR"",""12"",""2019-02"",""1"""
"0000003466,""VR"",""12"",""2019-01"",""1"""
"0000003541,""VI"",""0"",""2018-11"",""2"""
"0000003543,""VR"",""0"",""2016-11"",""1"""
"0000003560,""VI"",""0"",""2016-02"",""1"""
"0000003605,""MI"",""0"",""2018-08"",""1"""
"0000003605,""PD"",""8"",""2018-07"",""1"""
"0000003605,""MI"",""11"",""2018-09"",""1"""
"0000003608,""PD"",""0"",""2015-07"",""1"""
"0000003609,""TV"",""0"",""2018-10"",""1"""
"0000003609,""TV"",""0"",""2018-06"",""1"""
"0000003609,""TV"",""5"",""2018-09"",""5"""
"0000003609,""TV"",""5"",""2018-07"",""3"""
"0000003609,""TV"",""5"",""2018-08"",""4"""
"0000003609,""TV"",""5"",""2018-10"",""3"""
"0000003609,""TV"",""5"",""2018-12"",""2"""
"0000003609,""TV"",""5"",""2018-06"",""4"""
"0000003609,""TV"",""7"",""2018-07"",""2"""
"0000003609,""TV"",""7"",""2018-10"",""1"""
"0000003609,""TV"",""7"",""2018-09"",""1"""
"0000003609,""TV"",""7"",""2018-11"",""1"""
"0000003609,""TV"",""7"",""2018-08"",""2"""
"0000003618,""VE"",""0"",""2015-07"",""1"""
"0000003633,""TV"",""0"",""2015-10"",""1"""
"0000003633,""TV"",""0"",""2015-09"",""1"""
"0000003633,""TV"",""0"",""2017-02"",""1"""
"0000003638,""TV"",""5"",""2018-05"",""2"""
"0000003638,""TV"",""5"",""2017-12"",""1"""
"0000003638,""TV"",""5"",""2018-01"",""3"""
"0000003638,""TV"",""5"",""2018-04"",""1"""
"0000003638,""TV"",""5"",""2018-02"",""3"""
"0000003638,""TV"",""5"",""2018-03"",""2"""
"0000003657,""VR"",""4"",""2019-01"",""1"""
"0000003661,""VR"",""0"",""2018-11"",""1"""
"0000003661,""VR"",""0"",""2018-10"",""1"""
"0000003661,""VR"",""4"",""2018-11"",""2"""
"0000003661,""VR"",""4"",""2018-10"",""1"""
"0000003670,""PD"",""0"",""2015-07"",""1"""
"0000003723,""TV"",""0"",""2016-03"",""1"""
"0000003723,""TV"",""0"",""2016-05"",""1"""
"0000003723,""TV"",""0"",""2017-09"",""1"""
"0000003723,""TV"",""5"",""2017-11"",""1"""
"0000003733,""PD"",""0"",""2018-12"",""1"""
"0000003750,""TV"",""0"",""2016-01"",""2"""
"0000003750,""TV"",""0"",""2018-04"",""1"""
"0000003750,""TV"",""0"",""2015-09"",""1"""
"0000003750,""TV"",""0"",""2016-04"",""1"""
"0000003750,""TV"",""0"",""2015-10"",""1"""
"0000003750,""TV"",""0"",""2018-02"",""1"""
"0000003750,""TV"",""0"",""2016-10"",""1"""
"0000003750,""TV"",""0"",""2016-02"",""1"""
"0000003750,""TV"",""0"",""2017-03"",""1"""
"0000003750,""TV"",""5"",""2018-04"",""1"""
"0000003750,""TV"",""5"",""2018-01"",""1"""
"0000003750,""TV"",""5"",""2017-11"",""2"""
"0000003750,""TV"",""5"",""2018-10"",""1"""
"0000003750,""TV"",""5"",""2019-01"",""1"""
"0000003750,""TV"",""5"",""2018-03"",""1"""
"0000003750,""TV"",""5"",""2018-09"",""1"""
"0000003750,""TV"",""8"",""2018-04"",""1"""
"0000003774,""VR"",""4"",""2017-12"",""1"""
"0000003774,""VR"",""4"",""2017-08"",""1"""
"0000003785,""PD"",""0"",""2015-07"",""1"""
"0000003794,""TV"",""0"",""2017-02"",""1"""
"0000003797,""VI"",""0"",""2017-11"",""1"""
"0000003797,""VI"",""0"",""2018-06"",""2"""
"0000003797,""VI"",""0"",""2018-11"",""1"""
"0000003797,""VI"",""0"",""2018-05"",""2"""
"0000003797,""VI"",""0"",""2018-01"",""1"""
"0000003797,""VI"",""0"",""2018-12"",""1"""
"0000003797,""VI"",""0"",""2018-04"",""1"""
"0000003797,""VI"",""0"",""2018-03"",""1"""
"0000003797,""VI"",""0"",""2018-02"",""1"""
"0000003797,""VI"",""8"",""2018-07"",""1"""
"0000003797,""VI"",""8"",""2018-08"",""1"""
"0000003797,""VI"",""8"",""2018-09"",""1"""
"0000003797,""VI"",""8"",""2019-02"",""1"""
"0000003797,""VI"",""8"",""2018-10"",""2"""
"0000003804,""PD"",""0"",""2015-11"",""1"""
"0000003804,""PD"",""0"",""2016-03"",""1"""
"0000003821,""PD"",""0"",""2017-05"",""1"""
"0000003836,""TV"",""0"",""2017-10"",""1"""
"0000003836,""TV"",""0"",""2017-08"",""1"""
"0000003836,""TV"",""0"",""2017-02"",""1"""
"0000003836,""TV"",""0"",""2017-04"",""1"""
"0000003836,""TV"",""5"",""2018-01"",""1"""
"0000003836,""TV"",""5"",""2017-12"",""1"""
"0000003836,""TV"",""5"",""2018-04"",""2"""
"0000003836,""TV"",""5"",""2018-05"",""1"""
"0000003836,""TV"",""5"",""2018-07"",""2"""
"0000003836,""TV"",""5"",""2017-10"",""1"""
"0000003836,""TV"",""5"",""2018-10"",""1"""
"0000003836,""TV"",""5"",""2018-12"",""1"""
"0000003838,""PD"",""0"",""2018-01"",""1"""
"0000003839,""PD"",""0"",""2017-05"",""1"""
"0000003839,""PD"",""5"",""2018-08"",""1"""
"0000003839,""PD"",""5"",""2019-02"",""1"""
"0000003849,""VR"",""4"",""2018-09"",""1"""
"0000003885,""TV"",""0"",""2017-01"",""1"""
"0000003885,""TV"",""0"",""2016-09"",""1"""
"0000003885,""TV"",""0"",""2016-01"",""1"""
"0000003885,""TV"",""0"",""2017-08"",""1"""
"0000003885,""TV"",""0"",""2015-08"",""1"""
"0000003885,""TV"",""0"",""2017-02"",""1"""
"0000003885,""TV"",""0"",""2015-10"",""1"""
"0000003885,""TV"",""0"",""2015-06"",""2"""
"0000003885,""TV"",""0"",""2016-11"",""1"""
"0000003885,""TV"",""0"",""2016-08"",""1"""
"0000003885,""TV"",""0"",""2017-04"",""1"""
"0000003885,""TV"",""0"",""2017-07"",""1"""
"0000003885,""TV"",""0"",""2017-06"",""2"""
"0000003885,""TV"",""0"",""2017-05"",""2"""
"0000003885,""TV"",""5"",""2017-09"",""1"""
"0000003885,""TV"",""5"",""2018-01"",""1"""
"0000003885,""TV"",""5"",""2018-10"",""1"""
"0000003885,""TV"",""5"",""2017-12"",""1"""
"0000003885,""TV"",""5"",""2018-02"",""2"""
"0000003885,""TV"",""7"",""2018-02"",""1"""
"0000003885,""TV"",""8"",""2018-05"",""2"""
"0000003885,""TV"",""8"",""2018-10"",""2"""
"0000003885,""TV"",""8"",""2019-01"",""2"""
"0000003885,""TV"",""8"",""2018-08"",""2"""
"0000003885,""TV"",""8"",""2018-04"",""2"""
"0000003885,""TV"",""8"",""2018-06"",""2"""
"0000003885,""TV"",""8"",""2018-11"",""3"""
"0000003885,""TV"",""8"",""2018-12"",""2"""
"0000003885,""TV"",""8"",""2018-07"",""2"""
"0000003885,""TV"",""8"",""2018-09"",""4"""
"0000003885,""TV"",""8"",""2018-03"",""1"""
"0000003885,""TV"",""8"",""2019-02"",""1"""
"0000003896,""PD"",""0"",""2016-02"",""2"""
"0000003904,""PD"",""0"",""2017-02"",""3"""
"0000003904,""PD"",""0"",""2017-09"",""1"""
"0000003904,""PD"",""0"",""2016-11"",""3"""
"0000003904,""PD"",""0"",""2017-06"",""2"""
"0000003904,""PD"",""0"",""2016-09"",""2"""
"0000003904,""PD"",""0"",""2017-05"",""4"""
"0000003904,""PD"",""0"",""2017-03"",""3"""
"0000003904,""PD"",""0"",""2016-10"",""2"""
"0000003904,""PD"",""0"",""2017-01"",""3"""
"0000003904,""PD"",""0"",""2017-07"",""2"""
"0000003904,""PD"",""0"",""2017-08"",""1"""
"0000003904,""PD"",""0"",""2017-04"",""2"""
"0000003904,""PD"",""5"",""2017-10"",""2"""
"0000003904,""PD"",""5"",""2017-11"",""1"""
"0000003907,""PD"",""0"",""2015-06"",""1"""
"0000003910,""PD"",""0"",""2015-12"",""1"""
"0000003910,""PD"",""0"",""2015-11"",""1"""
"0000003927,""PD"",""0"",""2017-04"",""1"""
"0000003927,""PD"",""0"",""2017-02"",""2"""
"0000003927,""PD"",""0"",""2017-01"",""2"""
"0000003927,""PD"",""5"",""2018-08"",""1"""
"0000003927,""PD"",""5"",""2018-03"",""2"""
"0000003927,""PD"",""5"",""2018-04"",""1"""
"0000003927,""PD"",""5"",""2018-01"",""1"""
"0000003927,""PD"",""8"",""2018-09"",""1"""
"0000003928,""PD"",""0"",""2015-10"",""1"""
"0000003928,""PD"",""0"",""2015-11"",""1"""
"0000003955,""PD"",""0"",""2018-12"",""1"""
"0000003955,""PD"",""0"",""2016-01"",""1"""
"0000003955,""PD"",""8"",""2018-12"",""1"""
"0000003963,""PD"",""0"",""2015-11"",""1"""
"0000003963,""PD"",""0"",""2015-12"",""1"""
"0000003979,""TV"",""5"",""2017-09"",""1"""
"0000004015,""PD"",""0"",""2016-02"",""1"""
"0000004034,""VE"",""8"",""2018-10"",""1"""
"0000004056,""RM"",""3"",""2018-10"",""1"""
"0000004056,""RM"",""3"",""2017-11"",""1"""
"0000004056,""RM"",""3"",""2018-05"",""1"""
"0000004056,""RM"",""3"",""2017-10"",""1"""
"0000004056,""RM"",""3"",""2018-04"",""1"""
"0000004061,""VE"",""0"",""2016-03"",""1"""
"0000004061,""VE"",""0"",""2017-09"",""1"""
"0000004070,""TV"",""0"",""2016-01"",""1"""
"0000004071,""TV"",""0"",""2015-10"",""1"""
"0000004072,""TV"",""0"",""2015-10"",""1"""
"0000004129,""VE"",""0"",""2018-10"",""2"""
"0000004129,""VE"",""0"",""2018-07"",""2"""
"0000004129,""VE"",""0"",""2018-05"",""1"""
"0000004129,""VE"",""0"",""2019-02"",""1"""
"0000004129,""VE"",""0"",""2018-06"",""6"""
"0000004129,""VE"",""0"",""2019-01"",""1"""
"0000004129,""VE"",""0"",""2018-08"",""3"""
"0000004129,""VE"",""8"",""2019-02"",""4"""
"0000004129,""VE"",""8"",""2018-11"",""5"""
"0000004129,""VE"",""8"",""2018-10"",""6"""
"0000004129,""VE"",""8"",""2018-09"",""3"""
"0000004129,""VE"",""8"",""2019-01"",""4"""
"0000004129,""VE"",""8"",""2018-08"",""3"""
"0000004129,""VE"",""8"",""2018-12"",""3"""
"0000004145,""PD"",""0"",""2017-07"",""1"""
"0000004145,""PD"",""0"",""2017-05"",""2"""
"0000004167,""PD"",""0"",""2017-06"",""3"""
"0000004167,""PD"",""0"",""2017-07"",""7"""
"0000004167,""PD"",""0"",""2017-04"",""3"""
"0000004167,""PD"",""0"",""2017-05"",""3"""
"0000004167,""PD"",""0"",""2017-08"",""7"""
"0000004167,""PD"",""0"",""2016-09"",""1"""
"0000004167,""PD"",""0"",""2017-02"",""3"""
"0000004167,""PD"",""0"",""2016-12"",""4"""
"0000004167,""PD"",""0"",""2016-06"",""3"""
"0000004167,""PD"",""0"",""2017-01"",""4"""
"0000004167,""PD"",""0"",""2017-03"",""4"""
"0000004167,""PD"",""0"",""2017-09"",""6"""
"0000004167,""PD"",""0"",""2016-08"",""1"""
"0000004167,""PD"",""0"",""2016-11"",""3"""
"0000004167,""PD"",""0"",""2016-10"",""2"""
"0000004167,""PD"",""0"",""2016-05"",""1"""
"0000004167,""PD"",""0"",""2016-07"",""2"""
"0000004172,""VE"",""0"",""2016-09"",""1"""
"0000004208,""TV"",""0"",""2016-04"",""1"""
"0000004214,""PD"",""0"",""2019-02"",""1"""
"0000004214,""PD"",""0"",""2019-01"",""1"""
"0000004214,""PD"",""5"",""2019-02"",""1"""
"0000004214,""PD"",""5"",""2018-11"",""1"""
"0000004214,""PD"",""5"",""2019-01"",""1"""
"0000004214,""PD"",""5"",""2018-09"",""1"""
"0000004214,""PD"",""5"",""2018-01"",""1"""
"0000004214,""PD"",""5"",""2018-04"",""1"""
"0000004214,""PD"",""5"",""2018-10"",""2"""
"0000004214,""PD"",""5"",""2018-08"",""1"""
"0000004214,""PD"",""5"",""2018-02"",""1"""
"0000004214,""PD"",""5"",""2018-05"",""1"""
"0000004214,""PD"",""9"",""2018-03"",""1"""
"0000004233,""PD"",""5"",""2018-05"",""2"""
"0000004239,""PD"",""0"",""2017-05"",""1"""
"0000004239,""PD"",""0"",""2015-06"",""1"""
"0000004239,""PD"",""0"",""2018-04"",""1"""
"0000004239,""PD"",""0"",""2018-03"",""2"""
"0000004239,""PD"",""0"",""2017-06"",""1"""
"0000004239,""PD"",""0"",""2015-07"",""1"""
"0000004239,""PD"",""0"",""2017-01"",""1"""
"0000004239,""PD"",""0"",""2016-09"",""1"""
"0000004239,""PD"",""0"",""2015-11"",""1"""
"0000004239,""PD"",""0"",""2016-04"",""2"""
"0000004239,""PD"",""0"",""2017-04"",""1"""
"0000004239,""PD"",""0"",""2018-02"",""2"""
"0000004239,""PD"",""0"",""2017-07"",""1"""
"0000004239,""PD"",""5"",""2017-10"",""1"""
"0000004239,""PD"",""5"",""2017-11"",""1"""
"0000004243,""PD"",""0"",""2015-09"",""1"""
"0000004243,""PD"",""0"",""2016-09"",""1"""
"0000004243,""PD"",""0"",""2015-07"",""2"""
"0000004243,""PD"",""0"",""2016-07"",""1"""
"0000004243,""PD"",""0"",""2015-08"",""2"""
"0000004243,""PD"",""0"",""2016-02"",""1"""
"0000004244,""VE"",""0"",""2016-01"",""1"""
"0000004275,""TV"",""0"",""2018-04"",""1"""
"0000004275,""TV"",""0"",""2017-04"",""1"""
"0000004275,""TV"",""0"",""2018-06"",""1"""
"0000004275,""TV"",""0"",""2018-07"",""1"""
"0000004275,""TV"",""5"",""2018-07"",""1"""
"0000004275,""TV"",""5"",""2018-10"",""1"""
"0000004275,""TV"",""5"",""2019-02"",""2"""
"0000004275,""TV"",""5"",""2018-08"",""1"""
"0000004275,""TV"",""5"",""2018-03"",""2"""
"0000004275,""TV"",""8"",""2019-01"",""1"""
"0000004295,""PD"",""0"",""2016-12"",""3"""
"0000004295,""PD"",""0"",""2016-11"",""1"""
"0000004295,""PD"",""0"",""2017-03"",""1"""
"0000004311,""VE"",""0"",""2015-12"",""1"""
"0000004340,""TV"",""0"",""2017-10"",""1"""
"0000004340,""TV"",""0"",""2016-03"",""2"""
"0000004340,""TV"",""0"",""2015-06"",""2"""
"0000004340,""TV"",""0"",""2017-08"",""2"""
"0000004340,""TV"",""0"",""2017-05"",""1"""
"0000004340,""TV"",""0"",""2017-09"",""1"""
"0000004340,""TV"",""0"",""2017-06"",""1"""
"0000004340,""TV"",""0"",""2015-10"",""1"""
"0000004340,""TV"",""0"",""2016-05"",""1"""
"0000004340,""TV"",""0"",""2016-11"",""1"""
"0000004340,""TV"",""0"",""2016-02"",""1"""
"0000004340,""TV"",""5"",""2017-11"",""2"""
"0000004340,""TV"",""5"",""2018-02"",""2"""
"0000004340,""TV"",""5"",""2018-04"",""3"""
"0000004340,""TV"",""5"",""2018-01"",""1"""
"0000004340,""TV"",""5"",""2018-03"",""3"""
"0000004340,""TV"",""5"",""2018-05"",""3"""
"0000004359,""PD"",""8"",""2018-07"",""1"""
"0000004380,""TV"",""0"",""2017-04"",""1"""
"0000004381,""VR"",""0"",""2016-04"",""1"""
"0000004381,""VR"",""4"",""2018-03"",""1"""
"0000004384,""PD"",""0"",""2016-02"",""2"""
"0000004385,""VE"",""0"",""2015-07"",""1"""
"0000004385,""VE"",""0"",""2015-09"",""1"""
"0000004408,""PD"",""0"",""2017-02"",""1"""
"0000004408,""PD"",""0"",""2018-01"",""1"""
"0000004409,""PD"",""0"",""2016-04"",""1"""
"0000004417,""PD"",""0"",""2019-02"",""1"""
"0000004427,""VI"",""0"",""2016-04"",""1"""
"0000004427,""VI"",""0"",""2015-10"",""1"""
"0000004464,""PD"",""0"",""2016-04"",""1"""
"0000004464,""PD"",""0"",""2016-03"",""1"""
"0000004464,""PD"",""0"",""2016-02"",""1"""
"0000004471,""PD"",""0"",""2018-03"",""1"""
"0000004471,""PD"",""5"",""2018-03"",""1"""
"0000004472,""VE"",""0"",""2015-07"",""2"""
"0000004472,""VE"",""0"",""2016-01"",""1"""
"0000004472,""VE"",""0"",""2015-10"",""1"""
"0000004476,""TV"",""0"",""2018-03"",""2"""
"0000004476,""TV"",""0"",""2018-06"",""2"""
"0000004476,""TV"",""5"",""2018-10"",""4"""
"0000004476,""TV"",""5"",""2018-07"",""2"""
"0000004476,""TV"",""5"",""2018-12"",""2"""
"0000004476,""TV"",""5"",""2018-05"",""5"""
"0000004476,""TV"",""5"",""2018-03"",""2"""
"0000004476,""TV"",""5"",""2018-04"",""8"""
"0000004476,""TV"",""5"",""2018-09"",""2"""
"0000004476,""TV"",""5"",""2018-06"",""2"""
"0000004476,""TV"",""5"",""2018-11"",""4"""
"0000004476,""TV"",""8"",""2018-06"",""3"""
"0000004476,""TV"",""8"",""2018-05"",""1"""
"0000004476,""TV"",""8"",""2019-01"",""3"""
"0000004476,""TV"",""8"",""2018-07"",""1"""
"0000004476,""TV"",""8"",""2018-04"",""1"""
"0000004476,""TV"",""8"",""2019-02"",""2"""
"0000004480,""VR"",""0"",""2018-11"",""1"""
"0000004480,""VR"",""0"",""2017-01"",""1"""
"0000004480,""VR"",""0"",""2015-07"",""1"""
"0000004480,""VR"",""0"",""2018-01"",""1"""
"0000004480,""VR"",""0"",""2016-01"",""1"""
"0000004480,""VR"",""4"",""2017-10"",""2"""
"0000004480,""VR"",""4"",""2018-02"",""2"""
"0000004480,""VR"",""4"",""2017-11"",""2"""
"0000004480,""VR"",""4"",""2017-06"",""1"""
"0000004480,""VR"",""4"",""2018-03"",""1"""
"0000004480,""VR"",""4"",""2019-01"",""1"""
"0000004480,""VR"",""4"",""2018-06"",""2"""
"0000004480,""VR"",""4"",""2017-12"",""2"""
"0000004480,""VR"",""4"",""2018-01"",""1"""
"0000004480,""VR"",""4"",""2018-10"",""4"""
"0000004480,""VR"",""4"",""2018-12"",""1"""
"0000004480,""VR"",""4"",""2018-11"",""1"""
"0000004480,""VR"",""4"",""2018-04"",""3"""
"0000004480,""VR"",""4"",""2017-05"",""2"""
"0000004535,""PD"",""0"",""2017-05"",""2"""
"0000004535,""PD"",""0"",""2017-07"",""3"""
"0000004535,""PD"",""0"",""2018-05"",""2"""
"0000004535,""PD"",""0"",""2018-01"",""1"""
"0000004535,""PD"",""0"",""2017-06"",""2"""
"0000004535,""PD"",""0"",""2018-11"",""1"""
"0000004535,""PD"",""0"",""2017-10"",""2"""
"0000004535,""PD"",""0"",""2019-02"",""1"""
"0000004535,""PD"",""0"",""2017-12"",""2"""
"0000004535,""PD"",""0"",""2018-10"",""1"""
"0000004535,""PD"",""0"",""2018-03"",""1"""
"0000004535,""PD"",""0"",""2017-11"",""2"""
"0000004535,""PD"",""0"",""2018-02"",""2"""
"0000004535,""PD"",""0"",""2018-06"",""2"""
"0000004535,""PD"",""5"",""2018-04"",""1"""
"0000004535,""PD"",""5"",""2017-10"",""1"""
"0000004535,""PD"",""5"",""2017-09"",""2"""
"0000004535,""PD"",""9"",""2018-03"",""1"""
"0000004535,""PD"",""9"",""2018-07"",""1"""
"0000004535,""PD"",""9"",""2018-09"",""1"""
"0000004535,""PD"",""9"",""2018-04"",""1"""
"0000004565,""VR"",""4"",""2018-12"",""1"""
"0000004575,""PD"",""0"",""2017-03"",""1"""
"0000004575,""PD"",""0"",""2016-11"",""1"""
"0000004575,""PD"",""0"",""2016-05"",""1"""
"0000004575,""PD"",""0"",""2015-07"",""1"""
"0000004575,""PD"",""0"",""2016-09"",""1"""
"0000004575,""PD"",""0"",""2017-05"",""1"""
"0000004587,""PD"",""0"",""2018-06"",""1"""
"0000004588,""TV"",""0"",""2017-09"",""1"""
"0000004615,""VE"",""0"",""2018-05"",""1"""
"0000004669,""PD"",""5"",""2018-03"",""1"""
"0000004669,""PD"",""5"",""2017-10"",""1"""
"0000004669,""PD"",""5"",""2018-11"",""2"""
"0000004669,""PD"",""5"",""2018-09"",""1"""
"0000004669,""PD"",""5"",""2017-11"",""1"""
"0000004669,""PD"",""5"",""2018-12"",""3"""
"0000004669,""PD"",""5"",""2019-01"",""1"""
"0000004669,""PD"",""5"",""2018-10"",""1"""
"0000004685,""VE"",""0"",""2016-02"",""1"""
"0000004700,""TV"",""0"",""2015-07"",""1"""
"0000004721,""VE"",""0"",""2017-03"",""1"""
"0000004772,""VI"",""0"",""2016-02"",""1"""
"0000004776,""TV"",""8"",""2018-09"",""1"""
"0000004784,""TV"",""0"",""2015-11"",""1"""
"0000004784,""TV"",""0"",""2015-10"",""2"""
"0000004797,""VR"",""0"",""2015-11"",""1"""
"0000004814,""VE"",""0"",""2017-09"",""1"""
"0000004819,""VE"",""0"",""2017-02"",""1"""
"0000004819,""VE"",""0"",""2015-06"",""1"""
"0000004819,""VE"",""0"",""2017-01"",""1"""
"0000004819,""VE"",""0"",""2016-10"",""1"""
"0000004819,""VE"",""0"",""2016-11"",""1"""
"0000004819,""VE"",""0"",""2016-05"",""1"""
"0000004819,""VE"",""0"",""2015-10"",""1"""
"0000004819,""VE"",""0"",""2016-02"",""1"""
"0000004819,""VE"",""0"",""2017-04"",""1"""
"0000004819,""VE"",""0"",""2017-12"",""1"""
"0000004819,""VE"",""0"",""2015-07"",""1"""
"0000004819,""VE"",""0"",""2016-07"",""1"""
"0000004831,""PD"",""0"",""2015-06"",""2"""
"0000004831,""PD"",""0"",""2016-02"",""1"""
"0000004831,""PD"",""0"",""2015-07"",""1"""
"0000004868,""VE"",""0"",""2015-06"",""1"""
"0000004881,""PD"",""0"",""2015-09"",""1"""
"0000004891,""TV"",""5"",""2017-11"",""2"""
"0000004891,""TV"",""5"",""2018-03"",""1"""
"0000004891,""TV"",""5"",""2017-12"",""1"""
"0000004891,""TV"",""5"",""2018-02"",""1"""
"0000004891,""TV"",""5"",""2017-10"",""4"""
"0000004899,""PD"",""0"",""2015-06"",""1"""
"0000004911,""VE"",""0"",""2017-06"",""3"""
"0000004911,""VE"",""0"",""2017-04"",""1"""
"0000004911,""VE"",""0"",""2017-05"",""2"""
"0000004911,""VE"",""0"",""2018-01"",""1"""
"0000004911,""VE"",""0"",""2017-07"",""2"""
"0000004911,""VE"",""0"",""2017-03"",""2"""
"0000004918,""PD"",""0"",""2017-06"",""2"""
"0000004918,""PD"",""0"",""2017-07"",""1"""
"0000004918,""PD"",""0"",""2017-05"",""1"""
"0000004919,""TV"",""0"",""2015-12"",""1"""
"0000004939,""BS"",""0"",""2016-02"",""1"""
"0000004939,""BS"",""0"",""2016-03"",""3"""
"0000004948,""PD"",""0"",""2015-06"",""1"""
"0000004948,""PD"",""0"",""2015-08"",""1"""
"0000004948,""PD"",""0"",""2015-11"",""1"""
"0000004948,""PD"",""0"",""2015-10"",""1"""
"0000004955,""PD"",""0"",""2016-10"",""1"""
"0000004955,""PD"",""0"",""2017-09"",""1"""
"0000004955,""PD"",""0"",""2017-10"",""1"""
"0000004955,""PD"",""5"",""2018-04"",""1"""
"0000004955,""PD"",""5"",""2018-10"",""1"""
"0000004955,""PD"",""5"",""2018-05"",""1"""
"0000004955,""PD"",""5"",""2018-08"",""1"""
"0000004955,""PD"",""5"",""2018-06"",""1"""
"0000004956,""VI"",""0"",""2016-01"",""1"""
"0000004959,""PD"",""0"",""2017-11"",""1"""
"0000004959,""PD"",""0"",""2017-12"",""1"""
"0000004961,""TV"",""0"",""2016-05"",""1"""
"0000004961,""TV"",""0"",""2016-03"",""2"""
"0000004961,""TV"",""0"",""2016-01"",""2"""
"0000004961,""TV"",""0"",""2016-02"",""2"""
"0000004961,""TV"",""5"",""2018-02"",""1"""
"0000004961,""TV"",""5"",""2018-01"",""1"""
"0000004961,""TV"",""5"",""2018-03"",""1"""
"0000004961,""TV"",""5"",""2018-09"",""1"""
"0000004961,""TV"",""5"",""2017-11"",""1"""
"0000004961,""TV"",""5"",""2018-11"",""1"""
"0000004961,""TV"",""8"",""2018-09"",""1"""
"0000004972,""VE"",""0"",""2015-12"",""1"""
"0000004972,""VE"",""0"",""2016-12"",""1"""
"0000004980,""VE"",""0"",""2018-08"",""1"""
"0000004987,""PD"",""0"",""2017-01"",""1"""
"0000004987,""PD"",""0"",""2015-06"",""2"""
"0000004987,""PD"",""0"",""2016-07"",""1"""
"0000004987,""PD"",""0"",""2016-09"",""1"""
"0000004987,""PD"",""0"",""2016-11"",""1"""
"0000004987,""PD"",""0"",""2016-12"",""2"""
"0000004987,""PD"",""0"",""2016-02"",""1"""
"0000004987,""PD"",""0"",""2015-08"",""1"""
"0000004987,""PD"",""0"",""2016-04"",""1"""
"0000004987,""PD"",""0"",""2016-05"",""2"""
"0000004987,""PD"",""0"",""2015-10"",""1"""
"0000004987,""PD"",""0"",""2015-09"",""1"""
"0000004987,""PD"",""0"",""2015-07"",""1"""
"0000004987,""PD"",""0"",""2016-03"",""1"""
"0000004987,""PD"",""0"",""2015-11"",""2"""
"0000004987,""PD"",""0"",""2016-08"",""2"""
"0000004987,""PD"",""0"",""2015-12"",""2"""
"0000005008,""TV"",""0"",""2017-08"",""1"""
"0000005024,""PD"",""0"",""2015-11"",""1"""
"0000005024,""PD"",""0"",""2015-10"",""1"""
"0000005024,""PD"",""0"",""2017-11"",""1"""
"0000005024,""PD"",""0"",""2015-09"",""2"""
"0000005024,""PD"",""0"",""2018-01"",""1"""
"0000005024,""PD"",""0"",""2016-03"",""2"""
"0000005039,""VR"",""0"",""2015-08"",""1"""
"0000005040,""PD"",""0"",""2015-06"",""1"""
"0000005040,""PD"",""0"",""2016-02"",""1"""
"0000005040,""PD"",""0"",""2015-09"",""1"""
"0000005042,""PD"",""0"",""2015-10"",""1"""
"0000005042,""PD"",""0"",""2015-07"",""1"""
"0000005046,""PD"",""0"",""2019-01"",""1"""
"0000005100,""VE"",""0"",""2015-11"",""1"""
"0000005100,""VE"",""0"",""2016-02"",""1"""
"0000005100,""VE"",""0"",""2016-04"",""1"""
"0000005122,""VE"",""0"",""2015-09"",""1"""
"0000005122,""VE"",""0"",""2019-02"",""1"""
"0000005122,""VE"",""0"",""2018-11"",""1"""
"0000005128,""PD"",""5"",""2018-10"",""1"""
"0000005197,""RM"",""3"",""2018-09"",""2"""
"0000005197,""RM"",""3"",""2018-08"",""2"""
"0000005197,""RM"",""3"",""2018-07"",""1"""
"0000005197,""RM"",""3"",""2018-06"",""2"""
"0000005197,""RM"",""3"",""2018-10"",""1"""
"0000005197,""RM"",""13"",""2019-02"",""1"""
"0000005197,""RM"",""13"",""2018-12"",""1"""
"0000005209,""PD"",""0"",""2019-01"",""1"""
"0000005211,""VE"",""0"",""2015-07"",""1"""
"0000005218,""PD"",""0"",""2016-02"",""3"""
"0000005218,""PD"",""0"",""2015-12"",""2"""
"0000005218,""PD"",""0"",""2016-01"",""2"""
"0000005218,""PD"",""0"",""2017-05"",""1"""
"0000005218,""PD"",""0"",""2016-04"",""1"""
"0000005218,""PD"",""0"",""2015-10"",""1"""
"0000005218,""PD"",""0"",""2015-11"",""2"""
"0000005218,""PD"",""0"",""2016-03"",""3"""
"0000005218,""PD"",""0"",""2016-08"",""2"""
"0000005218,""PD"",""0"",""2017-04"",""1"""
"0000005221,""VR"",""0"",""2016-07"",""1"""
"0000005221,""VR"",""0"",""2016-08"",""1"""
"0000005252,""VE"",""0"",""2017-11"",""1"""
"0000005277,""VI"",""8"",""2018-10"",""1"""
"0000005278,""PD"",""5"",""2018-02"",""1"""
"0000005278,""PD"",""5"",""2018-03"",""1"""
"0000005278,""PD"",""5"",""2018-01"",""1"""
"0000005279,""VE"",""0"",""2015-10"",""1"""
"0000005340,""VE"",""0"",""2017-01"",""2"""
"0000005376,""TV"",""0"",""2017-01"",""2"""
"0000005376,""TV"",""0"",""2017-08"",""1"""
"0000005376,""TV"",""0"",""2017-04"",""4"""
"0000005376,""TV"",""0"",""2017-05"",""2"""
"0000005376,""TV"",""0"",""2017-03"",""4"""
"0000005376,""TV"",""0"",""2016-08"",""1"""
"0000005376,""TV"",""0"",""2017-06"",""3"""
"0000005376,""TV"",""0"",""2017-09"",""1"""
"0000005376,""TV"",""0"",""2017-07"",""3"""
"0000005418,""PD"",""5"",""2018-04"",""2"""
"0000005418,""PD"",""5"",""2018-10"",""1"""
"0000005418,""PD"",""5"",""2018-02"",""3"""
"0000005418,""PD"",""5"",""2018-08"",""2"""
"0000005418,""PD"",""5"",""2018-05"",""2"""
"0000005418,""PD"",""5"",""2018-11"",""1"""
"0000005418,""PD"",""5"",""2018-06"",""2"""
"0000005418,""PD"",""5"",""2018-03"",""2"""
"0000005418,""PD"",""5"",""2019-01"",""2"""
"0000005418,""PD"",""5"",""2018-07"",""1"""
"0000005418,""PD"",""5"",""2018-09"",""1"""
"0000005418,""PD"",""5"",""2019-02"",""1"""
"0000005445,""VI"",""0"",""2017-07"",""1"""
"0000005445,""VI"",""0"",""2017-08"",""2"""
"0000005481,""MI"",""0"",""2016-02"",""1"""
"0000005508,""VE"",""0"",""2015-06"",""1"""
"0000005508,""VE"",""0"",""2015-07"",""1"""
"0000005532,""PD"",""0"",""2016-02"",""1"""
"0000005532,""PD"",""5"",""2018-03"",""1"""
"0000005532,""PD"",""5"",""2018-06"",""2"""
"0000005532,""PD"",""5"",""2018-02"",""1"""
"0000005532,""PD"",""5"",""2018-11"",""1"""
"0000005532,""PD"",""5"",""2019-01"",""1"""
"0000005532,""PD"",""5"",""2018-12"",""1"""
"0000005532,""PD"",""5"",""2018-04"",""1"""
"0000005532,""PD"",""5"",""2018-05"",""1"""
"0000005532,""PD"",""5"",""2018-10"",""1"""
"0000005532,""PD"",""8"",""2018-08"",""1"""
"0000005532,""PD"",""8"",""2018-10"",""1"""
"0000005532,""PD"",""8"",""2019-02"",""1"""
"0000005532,""PD"",""8"",""2018-03"",""1"""
"0000005532,""PD"",""8"",""2018-09"",""1"""
"0000005560,""VR"",""0"",""2016-10"",""1"""
"0000005566,""VR"",""0"",""2018-01"",""1"""
"0000005566,""VR"",""0"",""2018-02"",""1"""
"0000005566,""VR"",""4"",""2017-11"",""1"""
"0000005566,""VR"",""4"",""2018-01"",""1"""
"0000005566,""VR"",""4"",""2018-02"",""1"""
"0000005571,""TV"",""5"",""2017-11"",""1"""
"0000005611,""TV"",""0"",""2016-03"",""1"""
"0000005611,""TV"",""0"",""2016-04"",""1"""
"0000005649,""PD"",""0"",""2016-11"",""1"""
"0000005649,""PD"",""0"",""2017-09"",""1"""
"0000005649,""PD"",""0"",""2017-03"",""1"""
"0000005652,""PD"",""0"",""2015-08"",""1"""
"0000005653,""PD"",""0"",""2015-10"",""1"""
"0000005661,""PD"",""0"",""2017-10"",""1"""
"0000005661,""PD"",""0"",""2017-09"",""2"""
"0000005661,""PD"",""5"",""2017-10"",""3"""
"0000005661,""PD"",""5"",""2017-09"",""3"""
"0000005661,""PD"",""5"",""2018-06"",""1"""
"0000005692,""VE"",""0"",""2016-05"",""1"""
"0000005704,""VE"",""0"",""2016-05"",""1"""
"0000005704,""VE"",""0"",""2016-04"",""1"""
"0000005704,""VE"",""0"",""2016-03"",""4"""
"0000005704,""VE"",""0"",""2016-02"",""1"""
"0000005711,""PD"",""0"",""2016-05"",""2"""
"0000005711,""PD"",""0"",""2018-04"",""2"""
"0000005711,""PD"",""0"",""2018-01"",""4"""
"0000005711,""PD"",""0"",""2016-08"",""5"""
"0000005711,""PD"",""0"",""2018-07"",""4"""
"0000005711,""PD"",""0"",""2018-08"",""2"""
"0000005711,""PD"",""0"",""2017-12"",""1"""
"0000005711,""PD"",""0"",""2016-12"",""2"""
"0000005711,""PD"",""0"",""2016-11"",""2"""
"0000005711,""PD"",""0"",""2018-05"",""2"""
"0000005711,""PD"",""0"",""2017-03"",""4"""
"0000005711,""PD"",""0"",""2018-02"",""1"""
"0000005711,""PD"",""0"",""2018-06"",""1"""
"0000005711,""PD"",""0"",""2016-07"",""4"""
"0000005711,""PD"",""0"",""2017-04"",""5"""
"0000005711,""PD"",""0"",""2016-09"",""3"""
"0000005711,""PD"",""0"",""2017-05"",""3"""
"0000005711,""PD"",""0"",""2016-10"",""3"""
"0000005711,""PD"",""0"",""2017-02"",""6"""
"0000005711,""PD"",""0"",""2016-06"",""2"""
"0000005711,""PD"",""0"",""2017-01"",""5"""
"0000005711,""PD"",""0"",""2019-02"",""1"""
"0000005711,""PD"",""0"",""2017-07"",""1"""
"0000005721,""VI"",""0"",""2018-05"",""1"""
"0000005731,""MI"",""0"",""2016-10"",""1"""
"0000005736,""PD"",""0"",""2015-10"",""1"""
"0000005760,""TV"",""0"",""2016-09"",""1"""
"0000005763,""PD"",""0"",""2015-08"",""1"""
"0000005841,""VI"",""0"",""2015-07"",""1"""
"0000005841,""VI"",""0"",""2016-05"",""1"""
"0000005841,""VI"",""0"",""2015-09"",""1"""
"0000005854,""PD"",""8"",""2018-12"",""2"""
"0000005858,""VI"",""0"",""2015-05"",""1"""
"0000005861,""TV"",""0"",""2018-03"",""1"""
"0000005861,""TV"",""0"",""2018-08"",""1"""
"0000005861,""TV"",""0"",""2015-10"",""1"""
"0000005861,""TV"",""0"",""2017-03"",""1"""
"0000005861,""TV"",""0"",""2018-09"",""1"""
"0000005861,""TV"",""0"",""2018-04"",""1"""
"0000005863,""VR"",""0"",""2015-07"",""1"""
"0000005865,""PD"",""0"",""2015-10"",""1"""
"0000005876,""PD"",""0"",""2016-05"",""1"""
"0000005876,""PD"",""0"",""2016-06"",""1"""
"0000005879,""PD"",""0"",""2016-05"",""1"""
"0000005883,""PD"",""5"",""2018-10"",""2"""
"0000005893,""PD"",""0"",""2017-07"",""1"""
"0000005893,""PD"",""5"",""2017-09"",""1"""
"0000005919,""VI"",""0"",""2015-09"",""1"""
"0000005919,""VI"",""0"",""2015-11"",""2"""
"0000005919,""VI"",""0"",""2015-12"",""1"""
"0000005919,""VI"",""0"",""2015-10"",""1"""
"0000005923,""PD"",""0"",""2017-02"",""1"""
"0000005923,""PD"",""0"",""2016-12"",""1"""
"0000005923,""PD"",""0"",""2016-05"",""1"""
"0000005923,""PD"",""0"",""2016-03"",""1"""
"0000005923,""PD"",""0"",""2017-03"",""1"""
"0000005923,""PD"",""0"",""2017-01"",""3"""
"0000005923,""PD"",""0"",""2016-04"",""1"""
"0000005923,""PD"",""0"",""2017-08"",""1"""
"0000005929,""PD"",""0"",""2015-07"",""1"""
"0000005935,""PD"",""0"",""2018-04"",""1"""
"0000005935,""PD"",""0"",""2018-03"",""2"""
"0000005958,""PD"",""0"",""2018-10"",""1"""
"0000005958,""PD"",""5"",""2018-10"",""1"""
"0000005959,""TV"",""8"",""2018-07"",""1"""
"0000005964,""TV"",""0"",""2016-03"",""1"""
"0000005975,""VR"",""0"",""2018-07"",""1"""
"0000005975,""VR"",""0"",""2018-03"",""1"""
"0000006014,""PD"",""0"",""2016-03"",""1"""
"0000006014,""PD"",""0"",""2016-04"",""1"""
"0000006014,""PD"",""0"",""2017-10"",""1"""
"0000006014,""PD"",""0"",""2015-11"",""1"""
"0000006028,""VI"",""0"",""2017-06"",""2"""
"0000006028,""VI"",""0"",""2017-03"",""3"""
"0000006028,""VI"",""0"",""2016-02"",""1"""
"0000006028,""VI"",""0"",""2017-09"",""1"""
"0000006028,""VI"",""0"",""2018-08"",""1"""
"0000006028,""VI"",""0"",""2017-05"",""3"""
"0000006028,""VI"",""0"",""2017-11"",""2"""
"0000006028,""VI"",""0"",""2017-04"",""1"""
"0000006028,""VI"",""0"",""2017-08"",""2"""
"0000006028,""VI"",""0"",""2017-10"",""1"""
"0000006028,""VI"",""0"",""2015-12"",""1"""
"0000006028,""VI"",""0"",""2015-09"",""2"""
"0000006028,""VI"",""0"",""2018-01"",""1"""
"0000006028,""VI"",""8"",""2019-02"",""2"""
"0000006028,""VI"",""8"",""2019-01"",""2"""
"0000006078,""PD"",""0"",""2016-01"",""1"""
"0000006080,""PD"",""0"",""2016-02"",""1"""
"0000006104,""PD"",""0"",""2018-02"",""1"""
"0000006113,""PD"",""0"",""2016-10"",""2"""
"0000006126,""VR"",""0"",""2016-04"",""1"""
"0000006140,""TV"",""0"",""2018-07"",""1"""
"0000006140,""TV"",""5"",""2019-02"",""3"""
"0000006140,""TV"",""5"",""2018-07"",""2"""
"0000006140,""TV"",""5"",""2018-11"",""3"""
"0000006140,""TV"",""5"",""2018-08"",""2"""
"0000006140,""TV"",""5"",""2019-01"",""4"""
"0000006140,""TV"",""5"",""2018-10"",""5"""
"0000006140,""TV"",""5"",""2018-12"",""6"""
"0000006140,""TV"",""5"",""2018-09"",""4"""
"0000006140,""TV"",""8"",""2018-10"",""1"""
"0000006140,""TV"",""8"",""2018-11"",""1"""
"0000006140,""TV"",""8"",""2019-01"",""2"""
"0000006140,""TV"",""8"",""2018-09"",""1"""
"0000006140,""TV"",""8"",""2018-08"",""1"""
"0000006160,""TV"",""0"",""2017-12"",""1"""
"0000006160,""TV"",""5"",""2018-01"",""3"""
"0000006160,""TV"",""5"",""2018-03"",""1"""
"0000006160,""TV"",""5"",""2018-02"",""1"""
"0000006160,""TV"",""8"",""2018-04"",""1"""
"0000006160,""TV"",""8"",""2018-09"",""1"""
"0000006160,""TV"",""8"",""2018-08"",""1"""
"0000006160,""TV"",""8"",""2018-05"",""1"""
"0000006160,""TV"",""8"",""2018-12"",""1"""
"0000006160,""TV"",""8"",""2018-06"",""1"""
"0000006160,""TV"",""8"",""2018-10"",""1"""
"0000006179,""VI"",""0"",""2016-02"",""1"""
"0000006192,""TV"",""0"",""2015-10"",""1"""
"0000006192,""TV"",""0"",""2015-09"",""1"""
"0000006195,""VR"",""0"",""2015-07"",""1"""
"0000006198,""TV"",""0"",""2016-01"",""2"""
"0000006213,""VE"",""0"",""2015-11"",""1"""
"0000006219,""PD"",""0"",""2015-07"",""1"""
"0000006228,""TV"",""0"",""2016-03"",""1"""
"0000006235,""PD"",""0"",""2016-04"",""1"""
"0000006237,""VE"",""0"",""2015-12"",""1"""
"0000006237,""VE"",""0"",""2015-09"",""1"""
"0000006237,""VE"",""0"",""2015-11"",""1"""
"0000006247,""VR"",""0"",""2018-02"",""1"""
"0000006251,""PD"",""0"",""2016-08"",""1"""
"0000006257,""PD"",""0"",""2018-05"",""5"""
"0000006257,""PD"",""0"",""2018-04"",""4"""
"0000006257,""PD"",""0"",""2018-03"",""4"""
"0000006257,""PD"",""0"",""2018-06"",""1"""
"0000006257,""PD"",""0"",""2017-05"",""2"""
"0000006267,""PD"",""0"",""2016-02"",""1"""
"0000006273,""BS"",""0"",""2016-07"",""1"""
"0000006273,""BS"",""0"",""2016-02"",""1"""
"0000006273,""BS"",""0"",""2016-09"",""1"""
"0000006273,""BS"",""0"",""2016-04"",""1"""
"0000006276,""PD"",""0"",""2018-12"",""1"""
"0000006279,""PD"",""5"",""2019-01"",""1"""
"0000006279,""PD"",""5"",""2018-02"",""2"""
"0000006279,""PD"",""5"",""2018-04"",""4"""
"0000006279,""PD"",""5"",""2018-12"",""1"""
"0000006279,""PD"",""5"",""2018-11"",""2"""
"0000006279,""PD"",""5"",""2018-09"",""2"""
"0000006279,""PD"",""5"",""2018-03"",""3"""
"0000006279,""PD"",""5"",""2018-01"",""1"""
"0000006279,""PD"",""5"",""2018-06"",""2"""
"0000006279,""PD"",""5"",""2018-10"",""4"""
"0000006279,""PD"",""5"",""2018-05"",""3"""
"0000006279,""PD"",""9"",""2018-09"",""1"""
"0000006317,""VR"",""4"",""2018-02"",""1"""
"0000006319,""PD"",""0"",""2015-06"",""2"""
"0000006349,""VR"",""0"",""2016-05"",""1"""
"0000006357,""VR"",""0"",""2018-12"",""1"""
"0000006375,""PD"",""5"",""2018-11"",""3"""
"0000006385,""VE"",""8"",""2019-02"",""1"""
"0000006385,""VE"",""8"",""2019-01"",""1"""
"0000006399,""PD"",""0"",""2015-10"",""2"""
"0000006399,""PD"",""0"",""2017-07"",""1"""
"0000006399,""PD"",""0"",""2015-09"",""2"""
"0000006399,""PD"",""0"",""2016-03"",""2"""
"0000006399,""PD"",""0"",""2018-09"",""1"""
"0000006399,""PD"",""0"",""2018-04"",""1"""
"0000006399,""PD"",""0"",""2015-11"",""2"""
"0000006399,""PD"",""0"",""2016-01"",""2"""
"0000006399,""PD"",""0"",""2015-12"",""1"""
"0000006399,""PD"",""0"",""2015-08"",""1"""
"0000006399,""PD"",""0"",""2016-09"",""1"""
"0000006399,""PD"",""0"",""2016-12"",""2"""
"0000006399,""PD"",""0"",""2017-03"",""2"""
"0000006399,""PD"",""0"",""2015-06"",""2"""
"0000006399,""PD"",""0"",""2017-08"",""1"""
"0000006399,""PD"",""0"",""2015-07"",""1"""
"0000006399,""PD"",""0"",""2017-05"",""1"""
"0000006399,""PD"",""0"",""2017-04"",""1"""
"0000006399,""PD"",""0"",""2016-04"",""2"""
"0000006399,""PD"",""0"",""2016-10"",""1"""
"0000006399,""PD"",""0"",""2016-06"",""1"""
"0000006399,""PD"",""0"",""2017-02"",""1"""
"0000006399,""PD"",""0"",""2018-12"",""1"""
"0000006399,""PD"",""0"",""2016-02"",""2"""
"0000006399,""PD"",""0"",""2017-12"",""1"""
"0000006399,""PD"",""9"",""2018-07"",""1"""
"0000006399,""PD"",""9"",""2018-05"",""1"""
"0000006399,""PD"",""9"",""2018-04"",""1"""
"0000006399,""PD"",""9"",""2018-12"",""1"""
"0000006399,""PD"",""9"",""2018-06"",""1"""
"0000006399,""PD"",""9"",""2019-01"",""2"""
"0000006399,""PD"",""9"",""2018-09"",""1"""
"0000006409,""VI"",""0"",""2016-05"",""1"""
"0000006433,""VI"",""0"",""2015-09"",""1"""
"0000006433,""VI"",""0"",""2016-03"",""1"""
"0000006433,""VI"",""0"",""2015-10"",""1"""
"0000006433,""VI"",""0"",""2015-07"",""2"""
"0000006433,""VI"",""0"",""2015-08"",""3"""
"0000006433,""VI"",""0"",""2016-02"",""3"""
"0000006433,""VI"",""0"",""2015-11"",""3"""
"0000006433,""VI"",""0"",""2016-01"",""3"""
"0000006433,""VI"",""0"",""2015-12"",""2"""
"0000006441,""VI"",""0"",""2018-04"",""1"""
"0000006441,""VI"",""0"",""2018-03"",""4"""
"0000006461,""PD"",""0"",""2015-12"",""1"""
"0000006465,""VR"",""0"",""2016-03"",""1"""
"0000006500,""TV"",""0"",""2015-10"",""1"""
"0000006500,""TV"",""0"",""2015-09"",""1"""
"0000006500,""TV"",""0"",""2017-03"",""1"""
"0000006500,""TV"",""0"",""2016-03"",""1"""
"0000006512,""PD"",""0"",""2018-02"",""5"""
"0000006512,""PD"",""0"",""2015-10"",""3"""
"0000006512,""PD"",""0"",""2015-08"",""2"""
"0000006512,""PD"",""0"",""2017-11"",""5"""
"0000006512,""PD"",""0"",""2015-12"",""1"""
"0000006512,""PD"",""0"",""2018-01"",""5"""
"0000006512,""PD"",""0"",""2018-04"",""2"""
"0000006512,""PD"",""0"",""2015-11"",""1"""
"0000006512,""PD"",""0"",""2015-09"",""1"""
"0000006512,""PD"",""0"",""2017-10"",""1"""
"0000006512,""PD"",""5"",""2018-01"",""1"""
"0000006512,""PD"",""5"",""2018-03"",""4"""
"0000006512,""PD"",""5"",""2018-02"",""1"""
"0000006512,""PD"",""8"",""2018-03"",""3"""
"0000006512,""PD"",""8"",""2018-02"",""2"""
"0000006512,""PD"",""9"",""2018-03"",""3"""
"0000006512,""PD"",""9"",""2018-04"",""1"""
"0000006537,""PD"",""0"",""2015-11"",""4"""
"0000006537,""PD"",""0"",""2015-10"",""2"""
"0000006537,""PD"",""0"",""2015-12"",""3"""
"0000006542,""VR"",""4"",""2019-02"",""1"""
"0000006542,""VR"",""12"",""2019-02"",""2"""
"0000006551,""PD"",""9"",""2018-12"",""5"""
"0000006554,""VE"",""0"",""2017-02"",""1"""
"0000006554,""TV"",""0"",""2016-03"",""1"""
"0000006554,""TV"",""0"",""2016-01"",""1"""
"0000006554,""VE"",""0"",""2016-10"",""1"""
"0000006554,""VE"",""0"",""2016-04"",""1"""
"0000006567,""VR"",""0"",""2018-09"",""1"""
"0000006567,""VR"",""4"",""2018-03"",""2"""
"0000006567,""VR"",""4"",""2018-08"",""2"""
"0000006567,""VR"",""4"",""2018-11"",""1"""
"0000006583,""VE"",""0"",""2017-12"",""1"""
"0000006583,""VE"",""0"",""2016-03"",""2"""
"0000006604,""PD"",""0"",""2015-12"",""1"""
"0000006605,""TV"",""0"",""2016-02"",""1"""
"0000006617,""TV"",""0"",""2016-02"",""1"""
"0000006617,""TV"",""0"",""2016-01"",""1"""
"0000006617,""TV"",""0"",""2015-06"",""1"""
"0000006622,""TV"",""0"",""2017-05"",""1"""
"0000006622,""TV"",""0"",""2017-06"",""1"""
"0000006622,""TV"",""0"",""2017-04"",""1"""
"0000006622,""TV"",""5"",""2018-03"",""1"""
"0000006622,""TV"",""8"",""2019-01"",""1"""
"0000006665,""VI"",""0"",""2016-03"",""2"""
"0000006665,""VI"",""0"",""2016-04"",""2"""
"0000006665,""VI"",""0"",""2016-06"",""1"""
"0000006665,""VI"",""0"",""2015-12"",""1"""
"0000006702,""PD"",""0"",""2018-02"",""1"""
"0000006709,""PD"",""0"",""2015-07"",""1"""
"0000006710,""VR"",""4"",""2017-09"",""1"""
"0000006733,""VR"",""0"",""2016-05"",""1"""
"0000006733,""VR"",""0"",""2016-01"",""2"""
"0000006733,""VR"",""0"",""2017-01"",""2"""
"0000006733,""VR"",""0"",""2016-11"",""2"""
"0000006733,""VR"",""0"",""2017-02"",""3"""
"0000006733,""VR"",""0"",""2016-02"",""4"""
"0000006733,""VR"",""0"",""2016-03"",""1"""
"0000006736,""VR"",""0"",""2016-08"",""1"""
"0000006736,""VR"",""0"",""2016-07"",""1"""
"0000006745,""TV"",""0"",""2016-11"",""4"""
"0000006745,""TV"",""0"",""2017-03"",""2"""
"0000006745,""TV"",""0"",""2017-09"",""2"""
"0000006745,""TV"",""0"",""2016-12"",""3"""
"0000006745,""TV"",""0"",""2017-04"",""1"""
"0000006745,""TV"",""0"",""2019-02"",""1"""
"0000006745,""TV"",""5"",""2019-02"",""1"""
"0000006745,""TV"",""5"",""2017-12"",""2"""
"0000006745,""TV"",""5"",""2018-10"",""2"""
"0000006745,""TV"",""5"",""2017-11"",""1"""
"0000006745,""TV"",""5"",""2018-01"",""3"""
"0000006745,""TV"",""5"",""2018-03"",""2"""
"0000006745,""TV"",""5"",""2018-08"",""1"""
"0000006745,""TV"",""5"",""2018-12"",""2"""
"0000006745,""TV"",""5"",""2019-01"",""2"""
"0000006745,""TV"",""5"",""2018-09"",""2"""
"0000006745,""TV"",""5"",""2018-07"",""3"""
"0000006745,""TV"",""5"",""2018-04"",""3"""
"0000006745,""TV"",""5"",""2018-11"",""3"""
"0000006745,""TV"",""5"",""2018-06"",""3"""
"0000006745,""TV"",""5"",""2018-02"",""3"""
"0000006745,""TV"",""5"",""2017-10"",""3"""
"0000006745,""TV"",""5"",""2018-05"",""2"""
"0000006746,""PD"",""0"",""2015-11"",""1"""
"0000006750,""VR"",""0"",""2018-03"",""1"""
"0000006752,""VI"",""0"",""2019-02"",""1"""
"0000006755,""VR"",""0"",""2015-10"",""1"""
"0000006766,""VI"",""0"",""2016-09"",""1"""
"0000006766,""VI"",""0"",""2016-01"",""2"""
"0000006771,""VE"",""0"",""2016-11"",""1"""
"0000006785,""VR"",""4"",""2018-10"",""1"""
"0000006797,""PD"",""0"",""2016-10"",""2"""
"0000006797,""PD"",""0"",""2016-05"",""1"""
"0000006798,""VI"",""0"",""2018-12"",""2"""
"0000006798,""VI"",""0"",""2019-01"",""7"""
"0000006798,""VI"",""0"",""2018-08"",""1"""
"0000006798,""VI"",""0"",""2018-09"",""6"""
"0000006798,""VI"",""0"",""2018-06"",""4"""
"0000006798,""VI"",""0"",""2019-02"",""3"""
"0000006798,""VI"",""0"",""2018-07"",""4"""
"0000006798,""VI"",""0"",""2018-10"",""8"""
"0000006798,""VI"",""0"",""2018-11"",""7"""
"0000006800,""VI"",""0"",""2016-02"",""1"""
"0000006801,""PD"",""5"",""2018-03"",""3"""
"0000006801,""PD"",""5"",""2018-07"",""1"""
"0000006801,""PD"",""5"",""2018-05"",""1"""
"0000006801,""PD"",""5"",""2018-09"",""1"""
"0000006817,""PD"",""0"",""2016-12"",""1"""
"0000006817,""PD"",""0"",""2015-10"",""1"""
"0000006817,""PD"",""0"",""2015-11"",""1"""
"0000006817,""PD"",""0"",""2016-04"",""1"""
"0000006817,""PD"",""0"",""2015-09"",""1"""
"0000006817,""PD"",""0"",""2015-07"",""1"""
"0000006821,""TV"",""8"",""2018-11"",""1"""
"0000006834,""VR"",""0"",""2016-03"",""1"""
"0000006835,""PD"",""0"",""2018-04"",""1"""
"0000006835,""PD"",""5"",""2018-05"",""1"""
"0000006835,""PD"",""5"",""2018-03"",""2"""
"0000006835,""PD"",""5"",""2018-04"",""1"""
"0000006835,""PD"",""9"",""2018-05"",""1"""
"0000006866,""TV"",""0"",""2018-06"",""1"""
"0000006866,""TV"",""0"",""2018-08"",""1"""
"0000006866,""TV"",""5"",""2018-07"",""2"""
"0000006866,""TV"",""5"",""2018-10"",""1"""
"0000006866,""TV"",""5"",""2019-01"",""1"""
"0000006866,""TV"",""5"",""2018-11"",""1"""
"0000006866,""TV"",""5"",""2018-08"",""1"""
"0000006876,""VR"",""0"",""2015-07"",""1"""
"0000006876,""VR"",""0"",""2016-03"",""1"""
"0000006882,""TV"",""0"",""2018-06"",""1"""
"0000006882,""TV"",""5"",""2018-08"",""1"""
"0000006882,""TV"",""5"",""2018-09"",""1"""
"0000006882,""TV"",""5"",""2019-01"",""1"""
"0000006882,""TV"",""5"",""2018-07"",""1"""
"0000006883,""PD"",""0"",""2015-10"",""1"""
"0000006894,""PD"",""0"",""2015-11"",""2"""
"0000006894,""PD"",""0"",""2016-02"",""1"""
"0000006894,""PD"",""5"",""2017-10"",""1"""
"0000006898,""VI"",""0"",""2015-09"",""1"""
"0000006909,""VR"",""0"",""2016-08"",""3"""
"0000006909,""VR"",""0"",""2016-07"",""5"""
"0000006928,""VR"",""0"",""2018-01"",""1"""
"0000006929,""VE"",""0"",""2015-07"",""1"""
"0000006929,""RA"",""5"",""2018-08"",""1"""
"0000006942,""TV"",""5"",""2017-09"",""1"""
"0000006960,""VR"",""0"",""2018-11"",""1"""
"0000006960,""VR"",""0"",""2018-09"",""1"""
"0000006960,""VR"",""0"",""2019-01"",""1"""
"0000006960,""VR"",""0"",""2018-12"",""1"""
"0000006960,""VR"",""0"",""2018-10"",""1"""
"0000006960,""VR"",""4"",""2018-07"",""1"""
"0000006960,""VR"",""4"",""2018-08"",""1"""
"0000006960,""VR"",""8"",""2018-07"",""1"""
"0000006964,""VR"",""0"",""2016-01"",""1"""
"0000006966,""PD"",""0"",""2017-03"",""2"""
"0000006966,""PD"",""0"",""2016-05"",""2"""
"0000006966,""PD"",""0"",""2017-08"",""1"""
"0000006966,""PD"",""0"",""2016-04"",""2"""
"0000006966,""PD"",""0"",""2017-09"",""2"""
"0000006966,""PD"",""0"",""2017-05"",""1"""
"0000006966,""PD"",""0"",""2017-06"",""1"""
"0000006966,""PD"",""0"",""2017-04"",""3"""
"0000006966,""PD"",""5"",""2018-03"",""3"""
"0000006966,""PD"",""5"",""2018-05"",""1"""
"0000006966,""PD"",""5"",""2017-12"",""3"""
"0000006966,""PD"",""5"",""2018-02"",""1"""
"0000006966,""PD"",""5"",""2017-11"",""3"""
"0000006966,""PD"",""5"",""2018-06"",""1"""
"0000006966,""PD"",""5"",""2018-09"",""2"""
"0000006966,""PD"",""5"",""2017-10"",""2"""
"0000006966,""PD"",""5"",""2018-07"",""1"""
"0000006966,""PD"",""5"",""2018-04"",""2"""
"0000006966,""PD"",""5"",""2018-08"",""2"""
"0000006966,""PD"",""8"",""2018-10"",""1"""
"0000006970,""VE"",""0"",""2017-01"",""1"""
"0000006976,""TV"",""0"",""2015-10"",""1"""
"0000006976,""TV"",""0"",""2015-07"",""1"""
"0000006986,""PD"",""0"",""2016-06"",""1"""
"0000006986,""PD"",""0"",""2016-01"",""2"""
"0000006986,""PD"",""0"",""2016-03"",""1"""
"0000006986,""PD"",""0"",""2016-02"",""1"""
"0000006986,""PD"",""0"",""2017-01"",""1"""
"0000006986,""PD"",""0"",""2017-03"",""1"""
"0000006986,""PD"",""5"",""2017-11"",""1"""
"0000006991,""VE"",""0"",""2015-10"",""1"""
"0000006994,""VR"",""0"",""2016-06"",""1"""
"0000007002,""TV"",""0"",""2017-07"",""1"""
"0000007002,""TV"",""0"",""2017-06"",""3"""
"0000007002,""TV"",""0"",""2019-02"",""1"""
"0000007002,""TV"",""5"",""2018-10"",""1"""
"0000007002,""TV"",""5"",""2019-01"",""3"""
"0000007002,""TV"",""5"",""2018-12"",""2"""
"0000007002,""TV"",""5"",""2018-11"",""3"""
"0000007002,""TV"",""8"",""2019-02"",""1"""
"0000007003,""MI"",""0"",""2017-02"",""1"""
"0000007003,""MI"",""0"",""2015-11"",""1"""
"0000007003,""MI"",""0"",""2018-07"",""2"""
"0000007003,""MI"",""0"",""2016-05"",""1"""
"0000007003,""MI"",""0"",""2016-07"",""1"""
"0000007003,""MI"",""0"",""2016-03"",""2"""
"0000007003,""MI"",""0"",""2016-06"",""2"""
"0000007003,""MI"",""0"",""2016-01"",""3"""
"0000007003,""MI"",""2"",""2017-05"",""1"""
"0000007003,""MI"",""2"",""2017-11"",""1"""
"0000007003,""MI"",""2"",""2017-07"",""1"""
"0000007003,""MI"",""2"",""2016-11"",""1"""
"0000007003,""MI"",""2"",""2017-10"",""1"""
"0000007003,""MI"",""2"",""2017-06"",""1"""
"0000007003,""MI"",""2"",""2018-01"",""1"""
"0000007003,""MI"",""2"",""2017-02"",""1"""
"0000007003,""MI"",""8"",""2018-12"",""1"""
"0000007003,""MI"",""8"",""2018-09"",""1"""
"0000007003,""MI"",""8"",""2018-07"",""1"""
"0000007003,""MI"",""8"",""2018-03"",""1"""
"0000007003,""MI"",""8"",""2018-06"",""1"""
"0000007003,""MI"",""8"",""2018-04"",""1"""
"0000007003,""MI"",""8"",""2018-11"",""1"""
"0000007003,""MI"",""8"",""2018-05"",""1"""
"0000007003,""MI"",""13"",""2019-02"",""1"""
"0000007006,""VR"",""0"",""2016-11"",""1"""
"0000007020,""VR"",""0"",""2017-10"",""2"""
"0000007020,""VR"",""0"",""2016-01"",""1"""
"0000007024,""TV"",""0"",""2015-07"",""1"""
"0000007029,""VR"",""0"",""2015-10"",""1"""
"0000007029,""VR"",""0"",""2015-11"",""1"""
"0000007045,""VR"",""0"",""2016-07"",""1"""
"0000007045,""VR"",""0"",""2016-05"",""1"""
"0000007045,""VR"",""0"",""2016-06"",""1"""
"0000007045,""VR"",""0"",""2016-02"",""1"""
"0000007051,""VR"",""4"",""2017-06"",""1"""
"0000007051,""VR"",""4"",""2017-05"",""1"""
"0000007058,""TV"",""0"",""2016-01"",""1"""
"0000007062,""MI"",""0"",""2016-02"",""1"""
"0000007062,""MI"",""0"",""2018-09"",""1"""
"0000007067,""VR"",""0"",""2015-09"",""1"""
"0000007077,""VR"",""0"",""2015-10"",""1"""
"0000007077,""VR"",""0"",""2017-11"",""2"""
"0000007077,""VR"",""0"",""2016-12"",""1"""
"0000007077,""VR"",""0"",""2017-01"",""3"""
"0000007077,""VR"",""0"",""2017-12"",""1"""
"0000007077,""VR"",""4"",""2019-01"",""1"""
"0000007077,""VR"",""4"",""2017-11"",""2"""
"0000007077,""VR"",""4"",""2017-07"",""1"""
"0000007077,""VR"",""4"",""2017-10"",""2"""
"0000007079,""TV"",""0"",""2016-02"",""1"""
"0000007090,""VR"",""4"",""2018-12"",""1"""
"0000007096,""MB"",""0"",""2015-10"",""1"""
"0000007107,""TO"",""10"",""2018-12"",""1"""
"0000007107,""TO"",""10"",""2019-01"",""1"""
"0000007128,""VI"",""0"",""2017-05"",""2"""
"0000007143,""VI"",""0"",""2016-05"",""1"""
"0000007143,""VI"",""0"",""2017-03"",""2"""
"0000007143,""VI"",""0"",""2016-02"",""1"""
"0000007143,""VI"",""0"",""2016-03"",""1"""
"0000007143,""VI"",""0"",""2018-08"",""1"""
"0000007143,""VI"",""0"",""2015-09"",""1"""
"0000007143,""VI"",""0"",""2017-02"",""2"""
"0000007143,""VI"",""0"",""2018-06"",""1"""
"0000007143,""VI"",""0"",""2018-01"",""1"""
"0000007143,""VI"",""0"",""2015-06"",""3"""
"0000007143,""VI"",""0"",""2015-12"",""1"""
"0000007143,""VI"",""0"",""2016-10"",""1"""
"0000007143,""VI"",""0"",""2016-04"",""1"""
"0000007143,""VI"",""8"",""2018-07"",""1"""
"0000007143,""VI"",""8"",""2019-01"",""1"""
"0000007148,""PD"",""0"",""2018-09"",""1"""
"0000007148,""PD"",""5"",""2018-03"",""1"""
"0000007148,""PD"",""5"",""2018-09"",""1"""
"0000007148,""PD"",""5"",""2019-02"",""2"""
"0000007148,""PD"",""8"",""2018-05"",""1"""
"0000007148,""PD"",""8"",""2018-03"",""1"""
"0000007148,""PD"",""8"",""2018-07"",""1"""
"0000007148,""PD"",""8"",""2019-01"",""1"""
"0000007164,""TV"",""0"",""2017-02"",""1"""
"0000007164,""TV"",""0"",""2015-06"",""1"""
"0000007164,""TV"",""0"",""2016-05"",""1"""
"0000007164,""TV"",""0"",""2017-03"",""1"""
"0000007164,""TV"",""0"",""2016-12"",""1"""
"0000007180,""MB"",""0"",""2016-02"",""1"""
"0000007191,""VI"",""0"",""2016-05"",""2"""
"0000007191,""VI"",""0"",""2018-03"",""1"""
"0000007197,""VR"",""0"",""2018-08"",""1"""
"0000007197,""VR"",""4"",""2018-07"",""1"""
"0000007197,""VR"",""4"",""2019-02"",""1"""
"0000007198,""VI"",""0"",""2015-05"",""1"""
"0000007211,""VI"",""0"",""2016-02"",""2"""
"0000007211,""VI"",""0"",""2015-06"",""1"""
"0000007211,""VI"",""0"",""2017-03"",""1"""
"0000007211,""VI"",""0"",""2016-05"",""2"""
"0000007231,""PD"",""0"",""2016-06"",""2"""
"0000007231,""PD"",""0"",""2016-10"",""1"""
"0000007231,""PD"",""0"",""2016-11"",""1"""
"0000007231,""PD"",""0"",""2016-05"",""1"""
"0000007231,""PD"",""0"",""2016-02"",""1"""
"0000007231,""PD"",""0"",""2016-12"",""1"""
"0000007231,""PD"",""0"",""2015-12"",""1"""
"0000007232,""BG"",""0"",""2017-01"",""1"""
"0000007232,""BG"",""0"",""2016-08"",""2"""
"0000007232,""BG"",""0"",""2016-07"",""3"""
"0000007232,""BG"",""0"",""2015-08"",""1"""
"0000007232,""BG"",""0"",""2015-10"",""1"""
"0000007232,""BG"",""0"",""2015-09"",""1"""
"0000007232,""BG"",""0"",""2015-07"",""1"""
"0000007232,""BG"",""0"",""2016-09"",""1"""
"0000007232,""BG"",""0"",""2016-02"",""1"""
"0000007232,""BG"",""0"",""2016-03"",""1"""
"0000007232,""BG"",""0"",""2015-11"",""1"""
"0000007232,""BG"",""0"",""2015-12"",""1"""
"0000007241,""BS"",""0"",""2016-05"",""1"""
"0000007241,""BS"",""0"",""2016-06"",""1"""
"0000007241,""BS"",""0"",""2016-07"",""1"""
"0000007241,""BS"",""0"",""2015-07"",""1"""
"0000007241,""BS"",""0"",""2015-06"",""2"""
"0000007241,""BS"",""0"",""2016-04"",""1"""
"0000007241,""BS"",""4"",""2018-08"",""2"""
"0000007241,""BS"",""4"",""2018-10"",""1"""
"0000007241,""BS"",""4"",""2018-09"",""1"""
"0000007241,""BS"",""4"",""2019-01"",""1"""
"0000007252,""VE"",""0"",""2017-10"",""1"""
"0000007252,""VE"",""0"",""2017-12"",""1"""
"0000007283,""VR"",""0"",""2015-11"",""2"""
"0000007291,""BS"",""0"",""2016-02"",""1"""
"0000007337,""VI"",""8"",""2019-01"",""1"""
"0000007345,""VR"",""0"",""2016-05"",""2"""
"0000007345,""VR"",""0"",""2015-09"",""1"""
"0000007345,""VR"",""0"",""2016-10"",""1"""
"0000007365,""PD"",""0"",""2016-02"",""1"""
"0000007365,""PD"",""0"",""2015-06"",""1"""
"0000007365,""PD"",""0"",""2015-07"",""1"""
"0000007365,""PD"",""0"",""2015-10"",""1"""
"0000007365,""PD"",""0"",""2016-01"",""1"""
"0000007365,""PD"",""0"",""2016-12"",""2"""
"0000007365,""PD"",""0"",""2016-05"",""1"""
"0000007383,""VR"",""0"",""2015-11"",""2"""
"0000007383,""VR"",""0"",""2015-12"",""1"""
"0000007399,""VR"",""0"",""2015-11"",""1"""
"0000007436,""VR"",""0"",""2015-12"",""1"""
"0000007436,""VR"",""0"",""2015-09"",""1"""
"0000007436,""VR"",""0"",""2016-06"",""1"""
"0000007436,""VR"",""0"",""2016-07"",""2"""
"0000007436,""VR"",""0"",""2016-03"",""1"""
"0000007467,""VR"",""0"",""2016-01"",""1"""
"0000007469,""VR"",""0"",""2016-06"",""1"""
"0000007469,""VR"",""0"",""2016-03"",""1"""
"0000007469,""VR"",""0"",""2017-03"",""1"""
"0000007469,""VR"",""0"",""2017-01"",""1"""
"0000007469,""VR"",""0"",""2016-10"",""1"""
"0000007469,""VR"",""0"",""2017-02"",""1"""
"0000007469,""VR"",""0"",""2016-04"",""2"""
"0000007469,""VR"",""0"",""2016-07"",""2"""
"0000007469,""VR"",""4"",""2018-08"",""1"""
"0000007469,""VR"",""4"",""2018-04"",""1"""
"0000007469,""VR"",""4"",""2017-06"",""2"""
"0000007469,""VR"",""4"",""2018-05"",""1"""
"0000007469,""VR"",""4"",""2018-11"",""1"""
"0000007469,""VR"",""4"",""2018-12"",""1"""
"0000007469,""VR"",""4"",""2018-03"",""1"""
"0000007469,""VR"",""4"",""2019-02"",""1"""
"0000007469,""VR"",""4"",""2018-09"",""1"""
"0000007469,""VR"",""4"",""2017-07"",""1"""
"0000007469,""VR"",""4"",""2018-10"",""1"""
"0000007538,""PD"",""0"",""2016-04"",""3"""
"0000007538,""PD"",""0"",""2016-10"",""1"""
"0000007572,""PD"",""5"",""2018-07"",""1"""
"0000007572,""PD"",""5"",""2018-08"",""1"""
"0000007572,""PD"",""5"",""2018-01"",""1"""
"0000007574,""TV"",""0"",""2018-03"",""1"""
"0000007578,""VI"",""0"",""2015-08"",""1"""
"0000007581,""PD"",""0"",""2015-10"",""1"""
"0000007597,""VI"",""0"",""2015-06"",""1"""
"0000007599,""RM"",""12"",""2019-02"",""1"""
"0000007604,""PD"",""0"",""2016-07"",""1"""
"0000007604,""PD"",""0"",""2015-07"",""1"""
"0000007606,""PD"",""5"",""2018-07"",""1"""
"0000007633,""VR"",""0"",""2015-07"",""1"""
"0000007635,""VR"",""0"",""2016-05"",""2"""
"0000007635,""VR"",""0"",""2016-10"",""1"""
"0000007635,""VR"",""0"",""2016-04"",""1"""
"0000007635,""VR"",""0"",""2016-03"",""3"""
"0000007635,""VR"",""0"",""2016-12"",""1"""
"0000007668,""TV"",""5"",""2018-05"",""1"""
"0000007683,""VR"",""0"",""2016-01"",""1"""
"0000007721,""TV"",""0"",""2015-10"",""1"""
"0000007731,""VR"",""0"",""2018-12"",""1"""
"0000007755,""VE"",""0"",""2016-07"",""1"""
"0000007757,""VR"",""4"",""2018-04"",""1"""
"0000007757,""BO"",""8"",""2018-03"",""1"""
"0000007765,""VE"",""0"",""2017-04"",""1"""
"0000007771,""VR"",""4"",""2018-07"",""3"""
"0000007771,""VR"",""4"",""2018-11"",""3"""
"0000007771,""VR"",""4"",""2018-12"",""1"""
"0000007771,""VR"",""4"",""2018-04"",""1"""
"0000007771,""VR"",""4"",""2018-03"",""3"""
"0000007771,""VR"",""4"",""2018-05"",""5"""
"0000007771,""VR"",""4"",""2018-10"",""1"""
"0000007771,""VR"",""4"",""2019-02"",""1"""
"0000007771,""VR"",""4"",""2018-08"",""2"""
"0000007771,""VR"",""4"",""2018-09"",""1"""
"0000007771,""VR"",""4"",""2019-01"",""2"""
"0000007778,""PD"",""0"",""2016-03"",""1"""
"0000007785,""VR"",""0"",""2016-01"",""1"""
"0000007793,""PD"",""0"",""2016-05"",""2"""
"0000007793,""PD"",""0"",""2016-06"",""1"""
"0000007793,""PD"",""0"",""2018-12"",""2"""
"0000007793,""PD"",""0"",""2016-11"",""4"""
"0000007793,""PD"",""0"",""2017-09"",""3"""
"0000007793,""PD"",""0"",""2019-01"",""2"""
"0000007793,""PD"",""0"",""2016-03"",""3"""
"0000007793,""PD"",""0"",""2017-11"",""4"""
"0000007793,""PD"",""0"",""2018-04"",""3"""
"0000007793,""PD"",""0"",""2016-08"",""2"""
"0000007793,""PD"",""0"",""2018-01"",""3"""
"0000007793,""PD"",""0"",""2017-04"",""1"""
"0000007793,""PD"",""0"",""2017-10"",""3"""
"0000007793,""PD"",""0"",""2017-05"",""2"""
"0000007793,""PD"",""0"",""2018-10"",""3"""
"0000007793,""PD"",""0"",""2018-02"",""4"""
"0000007793,""PD"",""0"",""2016-07"",""2"""
"0000007793,""PD"",""0"",""2017-07"",""2"""
"0000007793,""PD"",""0"",""2017-01"",""2"""
"0000007793,""PD"",""0"",""2016-02"",""1"""
"0000007793,""PD"",""0"",""2018-03"",""3"""
"0000007793,""PD"",""0"",""2018-08"",""3"""
"0000007793,""PD"",""0"",""2018-07"",""2"""
"0000007793,""PD"",""0"",""2015-12"",""1"""
"0000007793,""PD"",""0"",""2017-02"",""2"""
"0000007793,""PD"",""0"",""2016-10"",""2"""
"0000007793,""PD"",""0"",""2016-12"",""1"""
"0000007793,""PD"",""0"",""2016-01"",""1"""
"0000007793,""PD"",""0"",""2017-12"",""3"""
"0000007793,""PD"",""0"",""2017-08"",""2"""
"0000007793,""PD"",""0"",""2018-05"",""5"""
"0000007793,""PD"",""0"",""2019-02"",""1"""
"0000007793,""PD"",""0"",""2017-06"",""2"""
"0000007793,""PD"",""0"",""2018-06"",""4"""
"0000007793,""PD"",""0"",""2018-09"",""2"""
"0000007793,""PD"",""0"",""2015-11"",""1"""
"0000007793,""PD"",""0"",""2017-03"",""3"""
"0000007793,""PD"",""0"",""2018-11"",""3"""
"0000007793,""PD"",""0"",""2016-09"",""1"""
"0000007799,""BS"",""0"",""2017-03"",""1"""
"0000007799,""BS"",""0"",""2016-03"",""1"""
"0000007799,""BS"",""0"",""2017-04"",""1"""
"0000007799,""BS"",""0"",""2017-11"",""1"""
"0000007799,""BS"",""0"",""2018-01"",""1"""
"0000007799,""BS"",""0"",""2017-05"",""1"""
